time,AERONET_Site,Day_of_Year,AOD_1640nm,AOD_1020nm,AOD_870nm,AOD_865nm,AOD_779nm,AOD_675nm,AOD_667nm,AOD_620nm,AOD_560nm,AOD_555nm,AOD_551nm,AOD_532nm,AOD_531nm,AOD_510nm,AOD_500nm,AOD_490nm,AOD_443nm,AOD_440nm,AOD_412nm,AOD_400nm,AOD_380nm,AOD_340nm,Precipitable_Water(cm),AOD_681nm,AOD_709nm,AOD_Empty,AOD_Empty.1,AOD_Empty.2,AOD_Empty.3,AOD_Empty.4,440-870_Angstrom_Exponent,380-500_Angstrom_Exponent,440-675_Angstrom_Exponent,500-870_Angstrom_Exponent,340-440_Angstrom_Exponent,440-675_Angstrom_Exponent[Polar],N[AOD_1640nm],N[AOD_1020nm],N[AOD_870nm],N[AOD_865nm],N[AOD_779nm],N[AOD_675nm],N[AOD_667nm],N[AOD_620nm],N[AOD_560nm],N[AOD_555nm],N[AOD_551nm],N[AOD_532nm],N[AOD_531nm],N[AOD_510nm],N[AOD_500nm],N[AOD_490nm],N[AOD_443nm],N[AOD_440nm],N[AOD_412nm],N[AOD_400nm],N[AOD_380nm],N[AOD_340nm],N[Precipitable_Water(cm)],N[AOD_681nm],N[AOD_709nm],N[AOD_Empty],N[AOD_Empty].1,N[AOD_Empty].2,N[AOD_Empty].3,N[AOD_Empty].4,N[440-870_Angstrom_Exponent],N[380-500_Angstrom_Exponent],N[440-675_Angstrom_Exponent],N[500-870_Angstrom_Exponent],N[340-440_Angstrom_Exponent],N[440-675_Angstrom_Exponent[Polar]],Data_Quality_Level,AERONET_Instrument_Number,AERONET_Site_Name,Site_Latitude(Degrees),Site_Longitude(Degrees),Site_Elevation(m)_
2010-10-12 12:00:00,Sao_Paulo,285.0,-999.0,0.053684,0.06166,-999.0,-999.0,0.071906,-999.0,-999.0,-999.0,-999.0,-999.0,-999.0,-999.0,-999.0,0.099469,-999.0,-999.0,0.121822,-999.0,-999.0,0.142544,0.166815,0.830675,-999.0,-999.0,-999.0,-999.0,-999.0,-999.0,-999.0,1.00707,1.242316,1.220219,0.8557,1.199242,-999.0,0.0,13.0,12.0,0.0,0.0,12.0,0.0,0.0,0.0,0.0,0.0,0.0,0.0,0.0,13.0,0.0,0.0,13.0,0.0,0.0,13.0,13.0,13.0,0.0,0.0,0.0,0.0,0.0,0.0,0.0,13.0,13.0,13.0,12.0,13.0,0.0,lev20,624.0,Sao_Paulo,-23.5615,-46.734983,786.000000<br>
2010-10-13 12:00:00,Sao_Paulo,286.0,-999.0,0.083513,0.099002,-999.0,-999.0,0.128913,-999.0,-999.0,-999.0,-999.0,-999.0,-999.0,-999.0,-999.0,0.195643,-999.0,-999.0,0.239659,-999.0,-999.0,0.287358,0.327732,1.395453,-999.0,-999.0,-999.0,-999.0,-999.0,-999.0,-999.0,1.297417,1.379646,1.441777,1.240635,1.234843,-999.0,0.0,19.0,19.0,0.0,0.0,19.0,0.0,0.0,0.0,0.0,0.0,0.0,0.0,0.0,19.0,0.0,0.0,19.0,0.0,0.0,19.0,19.0,19.0,0.0,0.0,0.0,0.0,0.0,0.0,0.0,19.0,19.0,19.0,19.0,19.0,0.0,lev20,624.0,Sao_Paulo,-23.5615,-46.734983,786.000000<br>
2010-10-14 12:00:00,Sao_Paulo,287.0,-999.0,0.196527,0.264021,-999.0,-999.0,0.412271,-999.0,-999.0,-999.0,-999.0,-999.0,-999.0,-999.0,-999.0,0.676282,-999.0,-999.0,0.828402,-999.0,-999.0,0.99914,1.121773,3.012284,-999.0,-999.0,-999.0,-999.0,-999.0,-999.0,-999.0,1.68095,1.395717,1.639842,1.720065,1.196896,-999.0,0.0,5.0,5.0,0.0,0.0,5.0,0.0,0.0,0.0,0.0,0.0,0.0,0.0,0.0,5.0,0.0,0.0,5.0,0.0,0.0,5.0,5.0,5.0,0.0,0.0,0.0,0.0,0.0,0.0,0.0,5.0,5.0,5.0,5.0,5.0,0.0,lev20,624.0,Sao_Paulo,-23.5615,-46.734983,786.000000<br>
2010-10-16 12:00:00,Sao_Paulo,289.0,-999.0,0.165352,0.21352,-999.0,-999.0,0.31229,-999.0,-999.0,-999.0,-999.0,-999.0,-999.0,-999.0,-999.0,0.481589,-999.0,-999.0,0.571732,-999.0,-999.0,0.683537,0.755566,2.913485,-999.0,-999.0,-999.0,-999.0,-999.0,-999.0,-999.0,1.444699,1.248551,1.416228,1.480946,1.097105,-999.0,0.0,5.0,5.0,0.0,0.0,5.0,0.0,0.0,0.0,0.0,0.0,0.0,0.0,0.0,5.0,0.0,0.0,5.0,0.0,0.0,5.0,5.0,5.0,0.0,0.0,0.0,0.0,0.0,0.0,0.0,5.0,5.0,5.0,5.0,5.0,0.0,lev20,624.0,Sao_Paulo,-23.5615,-46.734983,786.000000<br>
2010-10-17 12:00:00,Sao_Paulo,290.0,-999.0,0.274692,0.356166,-999.0,-999.0,0.516165,-999.0,-999.0,-999.0,-999.0,-999.0,-999.0,-999.0,-999.0,0.756076,-999.0,-999.0,0.875544,-999.0,-999.0,0.996434,1.086506,3.218981,-999.0,-999.0,-999.0,-999.0,-999.0,-999.0,-999.0,1.328039,0.989498,1.25081,1.382184,0.850753,-999.0,0.0,11.0,13.0,0.0,0.0,13.0,0.0,0.0,0.0,0.0,0.0,0.0,0.0,0.0,13.0,0.0,0.0,13.0,0.0,0.0,13.0,13.0,13.0,0.0,0.0,0.0,0.0,0.0,0.0,0.0,13.0,13.0,13.0,13.0,13.0,0.0,lev20,624.0,Sao_Paulo,-23.5615,-46.734983,786.000000<br>
2010-10-21 12:00:00,Sao_Paulo,294.0,-999.0,0.156169,0.199181,-999.0,-999.0,0.286171,-999.0,-999.0,-999.0,-999.0,-999.0,-999.0,-999.0,-999.0,0.441835,-999.0,-999.0,0.533807,-999.0,-999.0,0.63132,0.70783,1.606014,-999.0,-999.0,-999.0,-999.0,-999.0,-999.0,-999.0,1.44503,1.268582,1.456709,1.453422,1.100151,-999.0,0.0,37.0,38.0,0.0,0.0,38.0,0.0,0.0,0.0,0.0,0.0,0.0,0.0,0.0,38.0,0.0,0.0,38.0,0.0,0.0,38.0,34.0,38.0,0.0,0.0,0.0,0.0,0.0,0.0,0.0,38.0,38.0,38.0,38.0,38.0,0.0,lev20,624.0,Sao_Paulo,-23.5615,-46.734983,786.000000<br>
2010-10-22 12:00:00,Sao_Paulo,295.0,-999.0,0.140554,0.180432,-999.0,-999.0,0.253254,-999.0,-999.0,-999.0,-999.0,-999.0,-999.0,-999.0,-999.0,0.383126,-999.0,-999.0,0.458775,-999.0,-999.0,0.543197,0.600553,1.788694,-999.0,-999.0,-999.0,-999.0,-999.0,-999.0,-999.0,1.372266,1.237765,1.386731,1.379763,1.045861,-999.0,0.0,10.0,10.0,0.0,0.0,10.0,0.0,0.0,0.0,0.0,0.0,0.0,0.0,0.0,10.0,0.0,0.0,10.0,0.0,0.0,10.0,10.0,10.0,0.0,0.0,0.0,0.0,0.0,0.0,0.0,10.0,10.0,10.0,10.0,10.0,0.0,lev20,624.0,Sao_Paulo,-23.5615,-46.734983,786.000000<br>
2010-10-25 12:00:00,Sao_Paulo,298.0,-999.0,0.103212,0.129015,-999.0,-999.0,0.178276,-999.0,-999.0,-999.0,-999.0,-999.0,-999.0,-999.0,-999.0,0.271297,-999.0,-999.0,0.330083,-999.0,-999.0,0.387339,0.42883,1.932739,-999.0,-999.0,-999.0,-999.0,-999.0,-999.0,-999.0,1.366957,1.258217,1.442729,1.339271,0.994921,-999.0,0.0,18.0,22.0,0.0,0.0,22.0,0.0,0.0,0.0,0.0,0.0,0.0,0.0,0.0,22.0,0.0,0.0,22.0,0.0,0.0,22.0,22.0,22.0,0.0,0.0,0.0,0.0,0.0,0.0,0.0,22.0,22.0,22.0,22.0,22.0,0.0,lev20,624.0,Sao_Paulo,-23.5615,-46.734983,786.000000<br>
2010-10-26 12:00:00,Sao_Paulo,299.0,-999.0,0.08413,0.109772,-999.0,-999.0,0.155839,-999.0,-999.0,-999.0,-999.0,-999.0,-999.0,-999.0,-999.0,0.239273,-999.0,-999.0,0.284767,-999.0,-999.0,0.333787,0.371986,2.342585,-999.0,-999.0,-999.0,-999.0,-999.0,-999.0,-999.0,1.403065,1.189991,1.413048,1.421999,1.050346,-999.0,0.0,4.0,4.0,0.0,0.0,4.0,0.0,0.0,0.0,0.0,0.0,0.0,0.0,0.0,4.0,0.0,0.0,4.0,0.0,0.0,4.0,4.0,4.0,0.0,0.0,0.0,0.0,0.0,0.0,0.0,4.0,4.0,4.0,4.0,4.0,0.0,lev20,624.0,Sao_Paulo,-23.5615,-46.734983,786.000000<br>
2010-10-27 12:00:00,Sao_Paulo,300.0,-999.0,0.126352,0.153196,-999.0,-999.0,0.212391,-999.0,-999.0,-999.0,-999.0,-999.0,-999.0,-999.0,-999.0,0.322007,-999.0,-999.0,0.386271,-999.0,-999.0,0.452944,0.506644,1.573963,-999.0,-999.0,-999.0,-999.0,-999.0,-999.0,-999.0,1.349053,1.198739,1.388526,1.347251,1.036743,-999.0,0.0,12.0,14.0,0.0,0.0,14.0,0.0,0.0,0.0,0.0,0.0,0.0,0.0,0.0,14.0,0.0,0.0,14.0,0.0,0.0,14.0,14.0,14.0,0.0,0.0,0.0,0.0,0.0,0.0,0.0,14.0,14.0,14.0,14.0,14.0,0.0,lev20,624.0,Sao_Paulo,-23.5615,-46.734983,786.000000<br>
2010-10-28 12:00:00,Sao_Paulo,301.0,-999.0,0.086657,0.105005,-999.0,-999.0,0.133401,-999.0,-999.0,-999.0,-999.0,-999.0,-999.0,-999.0,-999.0,0.197541,-999.0,-999.0,0.243037,-999.0,-999.0,0.290805,0.331858,1.367379,-999.0,-999.0,-999.0,-999.0,-999.0,-999.0,-999.0,1.212826,1.369476,1.368284,1.141675,1.221911,-999.0,0.0,20.0,26.0,0.0,0.0,26.0,0.0,0.0,0.0,0.0,0.0,0.0,0.0,0.0,26.0,0.0,0.0,26.0,0.0,0.0,26.0,26.0,26.0,0.0,0.0,0.0,0.0,0.0,0.0,0.0,26.0,26.0,26.0,26.0,26.0,0.0,lev20,624.0,Sao_Paulo,-23.5615,-46.734983,786.000000<br>
2010-10-29 12:00:00,Sao_Paulo,302.0,-999.0,0.10034,0.123465,-999.0,-999.0,0.166726,-999.0,-999.0,-999.0,-999.0,-999.0,-999.0,-999.0,-999.0,0.260605,-999.0,-999.0,0.324024,-999.0,-999.0,0.403465,0.468608,1.571706,-999.0,-999.0,-999.0,-999.0,-999.0,-999.0,-999.0,1.412699,1.595216,1.538974,1.363394,1.464099,-999.0,0.0,20.0,20.0,0.0,0.0,20.0,0.0,0.0,0.0,0.0,0.0,0.0,0.0,0.0,20.0,0.0,0.0,20.0,0.0,0.0,19.0,20.0,20.0,0.0,0.0,0.0,0.0,0.0,0.0,0.0,20.0,20.0,20.0,20.0,20.0,0.0,lev20,624.0,Sao_Paulo,-23.5615,-46.734983,786.000000<br>
2010-11-02 12:00:00,Sao_Paulo,306.0,-999.0,0.115875,0.148277,-999.0,-999.0,0.21086,-999.0,-999.0,-999.0,-999.0,-999.0,-999.0,-999.0,-999.0,0.313713,-999.0,-999.0,0.369081,-999.0,-999.0,0.438309,0.495485,1.394046,-999.0,-999.0,-999.0,-999.0,-999.0,-999.0,-999.0,1.339511,1.193497,1.312691,1.36901,1.154382,-999.0,0.0,3.0,3.0,0.0,0.0,3.0,0.0,0.0,0.0,0.0,0.0,0.0,0.0,0.0,3.0,0.0,0.0,3.0,0.0,0.0,3.0,3.0,3.0,0.0,0.0,0.0,0.0,0.0,0.0,0.0,3.0,3.0,3.0,3.0,3.0,0.0,lev20,624.0,Sao_Paulo,-23.5615,-46.734983,786.000000<br>
2010-11-03 12:00:00,Sao_Paulo,307.0,-999.0,0.128642,0.159746,-999.0,-999.0,0.225674,-999.0,-999.0,-999.0,-999.0,-999.0,-999.0,-999.0,-999.0,0.357654,-999.0,-999.0,0.442306,-999.0,-999.0,0.542683,0.618114,1.881279,-999.0,-999.0,-999.0,-999.0,-999.0,-999.0,-999.0,1.478984,1.493337,1.558485,1.452821,1.369073,-999.0,0.0,22.0,22.0,0.0,0.0,22.0,0.0,0.0,0.0,0.0,0.0,0.0,0.0,0.0,22.0,0.0,0.0,22.0,0.0,0.0,22.0,20.0,22.0,0.0,0.0,0.0,0.0,0.0,0.0,0.0,22.0,22.0,22.0,22.0,22.0,0.0,lev20,624.0,Sao_Paulo,-23.5615,-46.734983,786.000000<br>
2010-11-04 12:00:00,Sao_Paulo,308.0,-999.0,0.109993,0.140175,-999.0,-999.0,0.206552,-999.0,-999.0,-999.0,-999.0,-999.0,-999.0,-999.0,-999.0,0.332493,-999.0,-999.0,0.406535,-999.0,-999.0,0.493214,0.538106,2.34351,-999.0,-999.0,-999.0,-999.0,-999.0,-999.0,-999.0,1.566002,1.406836,1.58642,1.577991,1.258835,-999.0,0.0,26.0,26.0,0.0,0.0,26.0,0.0,0.0,0.0,0.0,0.0,0.0,0.0,0.0,26.0,0.0,0.0,26.0,0.0,0.0,26.0,23.0,26.0,0.0,0.0,0.0,0.0,0.0,0.0,0.0,26.0,26.0,26.0,26.0,26.0,0.0,lev20,624.0,Sao_Paulo,-23.5615,-46.734983,786.000000<br>
2010-11-05 12:00:00,Sao_Paulo,309.0,-999.0,0.093551,0.118291,-999.0,-999.0,0.176068,-999.0,-999.0,-999.0,-999.0,-999.0,-999.0,-999.0,-999.0,0.286188,-999.0,-999.0,0.349184,-999.0,-999.0,0.421207,0.474092,2.534141,-999.0,-999.0,-999.0,-999.0,-999.0,-999.0,-999.0,1.595871,1.378481,1.606364,1.616999,1.201986,-999.0,0.0,18.0,18.0,0.0,0.0,18.0,0.0,0.0,0.0,0.0,0.0,0.0,0.0,0.0,18.0,0.0,0.0,18.0,0.0,0.0,18.0,18.0,18.0,0.0,0.0,0.0,0.0,0.0,0.0,0.0,18.0,18.0,18.0,18.0,18.0,0.0,lev20,624.0,Sao_Paulo,-23.5615,-46.734983,786.000000<br>
2010-11-27 12:00:00,Sao_Paulo,331.0,-999.0,0.065548,0.083193,-999.0,-999.0,0.122646,-999.0,-999.0,-999.0,-999.0,-999.0,-999.0,-999.0,-999.0,0.203066,-999.0,-999.0,0.252474,-999.0,-999.0,-999.0,-999.0,2.284125,-999.0,-999.0,-999.0,-999.0,-999.0,-999.0,-999.0,1.657853,1.78776,1.720498,1.641312,-999.0,-999.0,0.0,13.0,13.0,0.0,0.0,13.0,0.0,0.0,0.0,0.0,0.0,0.0,0.0,0.0,13.0,0.0,0.0,9.0,0.0,0.0,0.0,0.0,13.0,0.0,0.0,0.0,0.0,0.0,0.0,0.0,13.0,9.0,13.0,13.0,0.0,0.0,lev20,196.0,Sao_Paulo,-23.5615,-46.734983,786.000000<br>
2010-11-28 12:00:00,Sao_Paulo,332.0,-999.0,0.040054,0.048535,-999.0,-999.0,0.069495,-999.0,-999.0,-999.0,-999.0,-999.0,-999.0,-999.0,-999.0,0.118013,-999.0,-999.0,0.149904,-999.0,-999.0,-999.0,-999.0,1.590793,-999.0,-999.0,-999.0,-999.0,-999.0,-999.0,-999.0,1.676908,1.897264,1.818631,1.619614,-999.0,-999.0,0.0,5.0,5.0,0.0,0.0,5.0,0.0,0.0,0.0,0.0,0.0,0.0,0.0,0.0,5.0,0.0,0.0,5.0,0.0,0.0,0.0,0.0,5.0,0.0,0.0,0.0,0.0,0.0,0.0,0.0,5.0,5.0,5.0,5.0,0.0,0.0,lev20,196.0,Sao_Paulo,-23.5615,-46.734983,786.000000<br>
2010-11-29 12:00:00,Sao_Paulo,333.0,-999.0,0.071256,0.081944,-999.0,-999.0,0.10786,-999.0,-999.0,-999.0,-999.0,-999.0,-999.0,-999.0,-999.0,0.161426,-999.0,-999.0,-999.0,-999.0,-999.0,-999.0,-999.0,1.98774,-999.0,-999.0,-999.0,-999.0,-999.0,-999.0,-999.0,1.240429,-999.0,1.359571,1.240429,-999.0,-999.0,0.0,2.0,2.0,0.0,0.0,2.0,0.0,0.0,0.0,0.0,0.0,0.0,0.0,0.0,2.0,0.0,0.0,0.0,0.0,0.0,0.0,0.0,2.0,0.0,0.0,0.0,0.0,0.0,0.0,0.0,2.0,0.0,2.0,2.0,0.0,0.0,lev20,196.0,Sao_Paulo,-23.5615,-46.734983,786.000000<br>
2010-12-02 12:00:00,Sao_Paulo,336.0,-999.0,0.058128,0.070225,-999.0,-999.0,0.098246,-999.0,-999.0,-999.0,-999.0,-999.0,-999.0,-999.0,-999.0,0.161937,-999.0,-999.0,0.194157,-999.0,-999.0,-999.0,-999.0,3.542405,-999.0,-999.0,-999.0,-999.0,-999.0,-999.0,-999.0,1.522687,1.415584,1.613988,1.521274,-999.0,-999.0,0.0,1.0,1.0,0.0,0.0,1.0,0.0,0.0,0.0,0.0,0.0,0.0,0.0,0.0,1.0,0.0,0.0,1.0,0.0,0.0,0.0,0.0,1.0,0.0,0.0,0.0,0.0,0.0,0.0,0.0,1.0,1.0,1.0,1.0,0.0,0.0,lev20,196.0,Sao_Paulo,-23.5615,-46.734983,786.000000<br>
2010-12-05 12:00:00,Sao_Paulo,339.0,-999.0,0.042543,0.05044,-999.0,-999.0,0.070035,-999.0,-999.0,-999.0,-999.0,-999.0,-999.0,-999.0,-999.0,0.116115,-999.0,-999.0,0.135863,-999.0,-999.0,-999.0,-999.0,3.556565,-999.0,-999.0,-999.0,-999.0,-999.0,-999.0,-999.0,1.503168,1.254331,1.613353,1.518263,-999.0,-999.0,0.0,17.0,17.0,0.0,0.0,17.0,0.0,0.0,0.0,0.0,0.0,0.0,0.0,0.0,17.0,0.0,0.0,13.0,0.0,0.0,0.0,0.0,17.0,0.0,0.0,0.0,0.0,0.0,0.0,0.0,17.0,13.0,17.0,17.0,0.0,0.0,lev20,196.0,Sao_Paulo,-23.5615,-46.734983,786.000000<br>
2011-03-11 12:00:00,Sao_Paulo,70.0,-999.0,0.059318,0.07282,-999.0,-999.0,0.104322,-999.0,-999.0,-999.0,-999.0,-999.0,-999.0,-999.0,-999.0,0.166567,-999.0,-999.0,0.182783,-999.0,-999.0,0.225332,0.229454,3.243231,-999.0,-999.0,-999.0,-999.0,-999.0,-999.0,-999.0,1.327845,1.145909,1.377444,1.459115,0.93829,-999.0,0.0,3.0,3.0,0.0,0.0,3.0,0.0,0.0,0.0,0.0,0.0,0.0,0.0,0.0,3.0,0.0,0.0,3.0,0.0,0.0,3.0,3.0,3.0,0.0,0.0,0.0,0.0,0.0,0.0,0.0,3.0,3.0,3.0,3.0,3.0,0.0,lev20,196.0,Sao_Paulo,-23.5615,-46.734983,786.000000<br>
2011-03-13 12:00:00,Sao_Paulo,72.0,-999.0,0.09694,0.122334,-999.0,-999.0,0.18066,-999.0,-999.0,-999.0,-999.0,-999.0,-999.0,-999.0,-999.0,0.293072,-999.0,-999.0,0.331525,-999.0,-999.0,0.408619,0.419741,3.58021,-999.0,-999.0,-999.0,-999.0,-999.0,-999.0,-999.0,1.491386,1.226302,1.451973,1.578754,0.943814,-999.0,0.0,2.0,2.0,0.0,0.0,2.0,0.0,0.0,0.0,0.0,0.0,0.0,0.0,0.0,2.0,0.0,0.0,2.0,0.0,0.0,2.0,2.0,2.0,0.0,0.0,0.0,0.0,0.0,0.0,0.0,2.0,2.0,2.0,2.0,2.0,0.0,lev20,196.0,Sao_Paulo,-23.5615,-46.734983,786.000000<br>
2011-03-17 12:00:00,Sao_Paulo,76.0,-999.0,0.11187,0.143232,-999.0,-999.0,0.210897,-999.0,-999.0,-999.0,-999.0,-999.0,-999.0,-999.0,-999.0,0.330109,-999.0,-999.0,0.377896,-999.0,-999.0,0.445158,0.449256,3.347197,-999.0,-999.0,-999.0,-999.0,-999.0,-999.0,-999.0,1.45434,1.0895,1.402942,1.518667,0.67447,-999.0,0.0,3.0,3.0,0.0,0.0,3.0,0.0,0.0,0.0,0.0,0.0,0.0,0.0,0.0,3.0,0.0,0.0,3.0,0.0,0.0,3.0,3.0,3.0,0.0,0.0,0.0,0.0,0.0,0.0,0.0,3.0,3.0,3.0,3.0,3.0,0.0,lev20,196.0,Sao_Paulo,-23.5615,-46.734983,786.000000<br>
2011-03-21 12:00:00,Sao_Paulo,80.0,-999.0,0.048174,0.058684,-999.0,-999.0,0.084389,-999.0,-999.0,-999.0,-999.0,-999.0,-999.0,-999.0,-999.0,0.14378,-999.0,-999.0,0.158572,-999.0,-999.0,0.207669,0.209506,2.500441,-999.0,-999.0,-999.0,-999.0,-999.0,-999.0,-999.0,1.526504,1.356647,1.545239,1.632731,1.117573,-999.0,0.0,7.0,7.0,0.0,0.0,7.0,0.0,0.0,0.0,0.0,0.0,0.0,0.0,0.0,7.0,0.0,0.0,7.0,0.0,0.0,7.0,7.0,7.0,0.0,0.0,0.0,0.0,0.0,0.0,0.0,7.0,7.0,7.0,7.0,7.0,0.0,lev20,196.0,Sao_Paulo,-23.5615,-46.734983,786.000000<br>
2011-04-16 12:00:00,Sao_Paulo,106.0,-999.0,0.093743,0.116839,-999.0,-999.0,0.17114,-999.0,-999.0,-999.0,-999.0,-999.0,-999.0,-999.0,-999.0,0.278931,-999.0,-999.0,0.324775,-999.0,-999.0,0.407592,0.427994,2.844708,-999.0,-999.0,-999.0,-999.0,-999.0,-999.0,-999.0,1.530477,1.381118,1.528261,1.580884,1.095867,-999.0,0.0,5.0,5.0,0.0,0.0,5.0,0.0,0.0,0.0,0.0,0.0,0.0,0.0,0.0,5.0,0.0,0.0,5.0,0.0,0.0,5.0,5.0,5.0,0.0,0.0,0.0,0.0,0.0,0.0,0.0,5.0,5.0,5.0,5.0,5.0,0.0,lev20,196.0,Sao_Paulo,-23.5615,-46.734983,786.000000<br>
2011-04-17 12:00:00,Sao_Paulo,107.0,-999.0,0.08921,0.114854,-999.0,-999.0,0.172524,-999.0,-999.0,-999.0,-999.0,-999.0,-999.0,-999.0,-999.0,0.281408,-999.0,-999.0,0.324052,-999.0,-999.0,0.392339,0.393214,2.439494,-999.0,-999.0,-999.0,-999.0,-999.0,-999.0,-999.0,1.541371,1.313032,1.502244,1.617594,1.041591,-999.0,0.0,28.0,28.0,0.0,0.0,28.0,0.0,0.0,0.0,0.0,0.0,0.0,0.0,0.0,28.0,0.0,0.0,28.0,0.0,0.0,27.0,25.0,28.0,0.0,0.0,0.0,0.0,0.0,0.0,0.0,28.0,28.0,28.0,28.0,27.0,0.0,lev20,196.0,Sao_Paulo,-23.5615,-46.734983,786.000000<br>
2011-04-18 12:00:00,Sao_Paulo,108.0,-999.0,0.088499,0.111486,-999.0,-999.0,0.160537,-999.0,-999.0,-999.0,-999.0,-999.0,-999.0,-999.0,-999.0,0.25294,-999.0,-999.0,0.290188,-999.0,-999.0,0.354364,0.367527,2.347486,-999.0,-999.0,-999.0,-999.0,-999.0,-999.0,-999.0,1.411793,1.260572,1.413398,1.467953,0.956579,-999.0,0.0,39.0,39.0,0.0,0.0,39.0,0.0,0.0,0.0,0.0,0.0,0.0,0.0,0.0,39.0,0.0,0.0,38.0,0.0,0.0,38.0,37.0,39.0,0.0,0.0,0.0,0.0,0.0,0.0,0.0,39.0,38.0,39.0,39.0,38.0,0.0,lev20,196.0,Sao_Paulo,-23.5615,-46.734983,786.000000<br>
2011-04-19 12:00:00,Sao_Paulo,109.0,-999.0,0.088436,0.112693,-999.0,-999.0,0.167687,-999.0,-999.0,-999.0,-999.0,-999.0,-999.0,-999.0,-999.0,0.275756,-999.0,-999.0,0.3211,-999.0,-999.0,0.398127,0.427791,2.402339,-999.0,-999.0,-999.0,-999.0,-999.0,-999.0,-999.0,1.569156,1.329005,1.553,1.626526,1.108929,-999.0,0.0,14.0,14.0,0.0,0.0,14.0,0.0,0.0,0.0,0.0,0.0,0.0,0.0,0.0,14.0,0.0,0.0,14.0,0.0,0.0,14.0,14.0,14.0,0.0,0.0,0.0,0.0,0.0,0.0,0.0,14.0,14.0,14.0,14.0,14.0,0.0,lev20,196.0,Sao_Paulo,-23.5615,-46.734983,786.000000<br>
2011-04-20 12:00:00,Sao_Paulo,110.0,-999.0,0.137652,0.17535,-999.0,-999.0,0.256067,-999.0,-999.0,-999.0,-999.0,-999.0,-999.0,-999.0,-999.0,0.409009,-999.0,-999.0,0.476415,-999.0,-999.0,0.578908,0.566263,2.680858,-999.0,-999.0,-999.0,-999.0,-999.0,-999.0,-999.0,1.475722,1.269721,1.467098,1.524766,0.956127,-999.0,0.0,15.0,16.0,0.0,0.0,16.0,0.0,0.0,0.0,0.0,0.0,0.0,0.0,0.0,16.0,0.0,0.0,16.0,0.0,0.0,16.0,15.0,16.0,0.0,0.0,0.0,0.0,0.0,0.0,0.0,16.0,16.0,16.0,16.0,16.0,0.0,lev20,196.0,Sao_Paulo,-23.5615,-46.734983,786.000000<br>
2011-04-21 12:00:00,Sao_Paulo,111.0,-999.0,0.038983,0.044638,-999.0,-999.0,0.055429,-999.0,-999.0,-999.0,-999.0,-999.0,-999.0,-999.0,-999.0,0.087233,-999.0,-999.0,0.093347,-999.0,-999.0,0.127273,0.123037,2.317423,-999.0,-999.0,-999.0,-999.0,-999.0,-999.0,-999.0,1.142112,1.387702,1.262408,1.216898,1.094015,-999.0,0.0,45.0,45.0,0.0,0.0,45.0,0.0,0.0,0.0,0.0,0.0,0.0,0.0,0.0,45.0,0.0,0.0,45.0,0.0,0.0,45.0,45.0,45.0,0.0,0.0,0.0,0.0,0.0,0.0,0.0,45.0,45.0,45.0,45.0,45.0,0.0,lev20,196.0,Sao_Paulo,-23.5615,-46.734983,786.000000<br>
2011-04-22 12:00:00,Sao_Paulo,112.0,-999.0,0.041595,0.049243,-999.0,-999.0,0.066877,-999.0,-999.0,-999.0,-999.0,-999.0,-999.0,-999.0,-999.0,0.112539,-999.0,-999.0,0.127039,-999.0,-999.0,0.179396,0.187287,2.332951,-999.0,-999.0,-999.0,-999.0,-999.0,-999.0,-999.0,1.445998,1.705776,1.542788,1.502802,1.525531,-999.0,0.0,50.0,50.0,0.0,0.0,50.0,0.0,0.0,0.0,0.0,0.0,0.0,0.0,0.0,50.0,0.0,0.0,50.0,0.0,0.0,50.0,50.0,50.0,0.0,0.0,0.0,0.0,0.0,0.0,0.0,50.0,50.0,50.0,50.0,50.0,0.0,lev20,196.0,Sao_Paulo,-23.5615,-46.734983,786.000000<br>
2011-04-23 12:00:00,Sao_Paulo,113.0,-999.0,0.061848,0.070814,-999.0,-999.0,0.090142,-999.0,-999.0,-999.0,-999.0,-999.0,-999.0,-999.0,-999.0,0.142438,-999.0,-999.0,0.162901,-999.0,-999.0,0.22018,0.229382,2.306968,-999.0,-999.0,-999.0,-999.0,-999.0,-999.0,-999.0,1.262203,1.587965,1.406932,1.269262,1.349028,-999.0,0.0,3.0,3.0,0.0,0.0,3.0,0.0,0.0,0.0,0.0,0.0,0.0,0.0,0.0,3.0,0.0,0.0,3.0,0.0,0.0,3.0,3.0,3.0,0.0,0.0,0.0,0.0,0.0,0.0,0.0,3.0,3.0,3.0,3.0,3.0,0.0,lev20,196.0,Sao_Paulo,-23.5615,-46.734983,786.000000<br>
2011-04-25 12:00:00,Sao_Paulo,115.0,-999.0,0.133439,0.170127,-999.0,-999.0,0.248597,-999.0,-999.0,-999.0,-999.0,-999.0,-999.0,-999.0,-999.0,0.396647,-999.0,-999.0,0.464792,-999.0,-999.0,0.56529,0.593215,2.769202,-999.0,-999.0,-999.0,-999.0,-999.0,-999.0,-999.0,1.48303,1.33316,1.50415,1.515309,0.966483,-999.0,0.0,8.0,8.0,0.0,0.0,8.0,0.0,0.0,0.0,0.0,0.0,0.0,0.0,0.0,8.0,0.0,0.0,8.0,0.0,0.0,8.0,8.0,8.0,0.0,0.0,0.0,0.0,0.0,0.0,0.0,8.0,8.0,8.0,8.0,8.0,0.0,lev20,196.0,Sao_Paulo,-23.5615,-46.734983,786.000000<br>
2011-04-29 12:00:00,Sao_Paulo,119.0,-999.0,0.039723,0.047919,-999.0,-999.0,0.061227,-999.0,-999.0,-999.0,-999.0,-999.0,-999.0,-999.0,-999.0,0.096518,-999.0,-999.0,0.102685,-999.0,-999.0,0.137899,0.131202,2.29033,-999.0,-999.0,-999.0,-999.0,-999.0,-999.0,-999.0,1.164054,1.433271,1.284113,1.265704,1.143116,-999.0,0.0,12.0,12.0,0.0,0.0,12.0,0.0,0.0,0.0,0.0,0.0,0.0,0.0,0.0,12.0,0.0,0.0,12.0,0.0,0.0,12.0,12.0,12.0,0.0,0.0,0.0,0.0,0.0,0.0,0.0,12.0,12.0,12.0,12.0,12.0,0.0,lev20,196.0,Sao_Paulo,-23.5615,-46.734983,786.000000<br>
2011-04-30 12:00:00,Sao_Paulo,120.0,-999.0,0.042255,0.052065,-999.0,-999.0,0.069247,-999.0,-999.0,-999.0,-999.0,-999.0,-999.0,-999.0,-999.0,0.10614,-999.0,-999.0,0.113881,-999.0,-999.0,0.144514,0.138307,1.661931,-999.0,-999.0,-999.0,-999.0,-999.0,-999.0,-999.0,1.200891,1.272039,1.260047,1.291876,1.003533,-999.0,0.0,44.0,44.0,0.0,0.0,44.0,0.0,0.0,0.0,0.0,0.0,0.0,0.0,0.0,44.0,0.0,0.0,44.0,0.0,0.0,44.0,42.0,44.0,0.0,0.0,0.0,0.0,0.0,0.0,0.0,44.0,44.0,44.0,44.0,44.0,0.0,lev20,196.0,Sao_Paulo,-23.5615,-46.734983,786.000000<br>
2011-05-01 12:00:00,Sao_Paulo,121.0,-999.0,0.039103,0.045149,-999.0,-999.0,0.055999,-999.0,-999.0,-999.0,-999.0,-999.0,-999.0,-999.0,-999.0,0.093205,-999.0,-999.0,0.10018,-999.0,-999.0,0.147433,0.150251,2.770092,-999.0,-999.0,-999.0,-999.0,-999.0,-999.0,-999.0,1.258714,1.680078,1.427078,1.327111,1.594929,-999.0,0.0,1.0,1.0,0.0,0.0,1.0,0.0,0.0,0.0,0.0,0.0,0.0,0.0,0.0,1.0,0.0,0.0,1.0,0.0,0.0,1.0,1.0,1.0,0.0,0.0,0.0,0.0,0.0,0.0,0.0,1.0,1.0,1.0,1.0,1.0,0.0,lev20,196.0,Sao_Paulo,-23.5615,-46.734983,786.000000<br>
2011-05-03 12:00:00,Sao_Paulo,123.0,-999.0,0.038178,0.043841,-999.0,-999.0,0.053997,-999.0,-999.0,-999.0,-999.0,-999.0,-999.0,-999.0,-999.0,0.085643,-999.0,-999.0,0.095237,-999.0,-999.0,0.128327,0.131934,1.291128,-999.0,-999.0,-999.0,-999.0,-999.0,-999.0,-999.0,1.192318,1.456229,1.359285,1.217917,1.255062,-999.0,0.0,37.0,37.0,0.0,0.0,37.0,0.0,0.0,0.0,0.0,0.0,0.0,0.0,0.0,37.0,0.0,0.0,37.0,0.0,0.0,37.0,37.0,37.0,0.0,0.0,0.0,0.0,0.0,0.0,0.0,37.0,37.0,37.0,37.0,37.0,0.0,lev20,196.0,Sao_Paulo,-23.5615,-46.734983,786.000000<br>
2011-05-04 12:00:00,Sao_Paulo,124.0,-999.0,0.121432,0.150643,-999.0,-999.0,0.214093,-999.0,-999.0,-999.0,-999.0,-999.0,-999.0,-999.0,-999.0,0.340463,-999.0,-999.0,0.404233,-999.0,-999.0,0.493316,0.530925,1.4864,-999.0,-999.0,-999.0,-999.0,-999.0,-999.0,-999.0,1.466411,1.336605,1.503939,1.477372,0.999138,-999.0,0.0,33.0,33.0,0.0,0.0,33.0,0.0,0.0,0.0,0.0,0.0,0.0,0.0,0.0,33.0,0.0,0.0,33.0,0.0,0.0,33.0,30.0,33.0,0.0,0.0,0.0,0.0,0.0,0.0,0.0,33.0,33.0,33.0,33.0,33.0,0.0,lev20,196.0,Sao_Paulo,-23.5615,-46.734983,786.000000<br>
2011-05-05 12:00:00,Sao_Paulo,125.0,-999.0,0.059717,0.072167,-999.0,-999.0,0.095605,-999.0,-999.0,-999.0,-999.0,-999.0,-999.0,-999.0,-999.0,0.14642,-999.0,-999.0,0.165208,-999.0,-999.0,0.208763,0.212771,1.338759,-999.0,-999.0,-999.0,-999.0,-999.0,-999.0,-999.0,1.259332,1.346809,1.331843,1.29368,1.075251,-999.0,0.0,47.0,47.0,0.0,0.0,47.0,0.0,0.0,0.0,0.0,0.0,0.0,0.0,0.0,47.0,0.0,0.0,47.0,0.0,0.0,47.0,46.0,47.0,0.0,0.0,0.0,0.0,0.0,0.0,0.0,47.0,47.0,47.0,47.0,47.0,0.0,lev20,196.0,Sao_Paulo,-23.5615,-46.734983,786.000000<br>
2011-05-06 12:00:00,Sao_Paulo,126.0,-999.0,0.06276,0.074188,-999.0,-999.0,0.099973,-999.0,-999.0,-999.0,-999.0,-999.0,-999.0,-999.0,-999.0,0.159655,-999.0,-999.0,0.184405,-999.0,-999.0,0.238149,0.252117,2.041842,-999.0,-999.0,-999.0,-999.0,-999.0,-999.0,-999.0,1.365785,1.454343,1.453774,1.388736,1.271705,-999.0,0.0,16.0,17.0,0.0,0.0,17.0,0.0,0.0,0.0,0.0,0.0,0.0,0.0,0.0,17.0,0.0,0.0,17.0,0.0,0.0,17.0,16.0,17.0,0.0,0.0,0.0,0.0,0.0,0.0,0.0,17.0,17.0,17.0,17.0,17.0,0.0,lev20,196.0,Sao_Paulo,-23.5615,-46.734983,786.000000<br>
2011-05-07 12:00:00,Sao_Paulo,127.0,-999.0,0.166096,0.216792,-999.0,-999.0,0.330736,-999.0,-999.0,-999.0,-999.0,-999.0,-999.0,-999.0,-999.0,0.532936,-999.0,-999.0,0.626852,-999.0,-999.0,0.734843,0.813105,1.674267,-999.0,-999.0,-999.0,-999.0,-999.0,-999.0,-999.0,1.579354,1.127954,1.523048,1.633746,0.777989,-999.0,0.0,10.0,10.0,0.0,0.0,10.0,0.0,0.0,0.0,0.0,0.0,0.0,0.0,0.0,10.0,0.0,0.0,10.0,0.0,0.0,9.0,6.0,10.0,0.0,0.0,0.0,0.0,0.0,0.0,0.0,10.0,10.0,10.0,10.0,9.0,0.0,lev20,196.0,Sao_Paulo,-23.5615,-46.734983,786.000000<br>
2011-05-08 12:00:00,Sao_Paulo,128.0,-999.0,0.058648,0.072759,-999.0,-999.0,0.102912,-999.0,-999.0,-999.0,-999.0,-999.0,-999.0,-999.0,-999.0,0.170611,-999.0,-999.0,0.199053,-999.0,-999.0,0.262675,0.283424,1.690624,-999.0,-999.0,-999.0,-999.0,-999.0,-999.0,-999.0,1.50988,1.572886,1.571138,1.54567,1.394445,-999.0,0.0,42.0,42.0,0.0,0.0,42.0,0.0,0.0,0.0,0.0,0.0,0.0,0.0,0.0,42.0,0.0,0.0,42.0,0.0,0.0,42.0,41.0,42.0,0.0,0.0,0.0,0.0,0.0,0.0,0.0,42.0,42.0,42.0,42.0,42.0,0.0,lev20,196.0,Sao_Paulo,-23.5615,-46.734983,786.000000<br>
2011-05-09 12:00:00,Sao_Paulo,129.0,-999.0,0.075825,0.095557,-999.0,-999.0,0.139762,-999.0,-999.0,-999.0,-999.0,-999.0,-999.0,-999.0,-999.0,0.235077,-999.0,-999.0,0.277635,-999.0,-999.0,0.349923,0.382403,2.522185,-999.0,-999.0,-999.0,-999.0,-999.0,-999.0,-999.0,1.597374,1.429927,1.631778,1.63656,1.232987,-999.0,0.0,4.0,4.0,0.0,0.0,4.0,0.0,0.0,0.0,0.0,0.0,0.0,0.0,0.0,4.0,0.0,0.0,4.0,0.0,0.0,4.0,4.0,4.0,0.0,0.0,0.0,0.0,0.0,0.0,0.0,4.0,4.0,4.0,4.0,4.0,0.0,lev20,196.0,Sao_Paulo,-23.5615,-46.734983,786.000000<br>
2011-05-10 12:00:00,Sao_Paulo,130.0,-999.0,0.099574,0.123471,-999.0,-999.0,0.171475,-999.0,-999.0,-999.0,-999.0,-999.0,-999.0,-999.0,-999.0,0.272838,-999.0,-999.0,0.317315,-999.0,-999.0,0.399686,0.4239,2.275205,-999.0,-999.0,-999.0,-999.0,-999.0,-999.0,-999.0,1.419739,1.38222,1.468038,1.4449,1.122852,-999.0,0.0,2.0,2.0,0.0,0.0,2.0,0.0,0.0,0.0,0.0,0.0,0.0,0.0,0.0,2.0,0.0,0.0,2.0,0.0,0.0,2.0,2.0,2.0,0.0,0.0,0.0,0.0,0.0,0.0,0.0,2.0,2.0,2.0,2.0,2.0,0.0,lev20,196.0,Sao_Paulo,-23.5615,-46.734983,786.000000<br>
2011-05-11 12:00:00,Sao_Paulo,131.0,-999.0,0.124161,0.137337,-999.0,-999.0,0.165148,-999.0,-999.0,-999.0,-999.0,-999.0,-999.0,-999.0,-999.0,0.22988,-999.0,-999.0,0.253263,-999.0,-999.0,0.306574,0.315781,2.184987,-999.0,-999.0,-999.0,-999.0,-999.0,-999.0,-999.0,0.98967,1.059837,1.061226,1.008334,0.872473,-999.0,0.0,11.0,11.0,0.0,0.0,11.0,0.0,0.0,0.0,0.0,0.0,0.0,0.0,0.0,11.0,0.0,0.0,11.0,0.0,0.0,11.0,11.0,11.0,0.0,0.0,0.0,0.0,0.0,0.0,0.0,11.0,11.0,11.0,11.0,11.0,0.0,lev20,196.0,Sao_Paulo,-23.5615,-46.734983,786.000000<br>
2011-05-14 12:00:00,Sao_Paulo,134.0,-999.0,0.094857,0.118293,-999.0,-999.0,0.171008,-999.0,-999.0,-999.0,-999.0,-999.0,-999.0,-999.0,-999.0,0.275791,-999.0,-999.0,0.322042,-999.0,-999.0,0.381923,0.328391,1.969186,-999.0,-999.0,-999.0,-999.0,-999.0,-999.0,-999.0,1.458159,1.182628,1.470949,1.502675,0.897163,-999.0,0.0,4.0,4.0,0.0,0.0,4.0,0.0,0.0,0.0,0.0,0.0,0.0,0.0,0.0,4.0,0.0,0.0,4.0,0.0,0.0,4.0,2.0,4.0,0.0,0.0,0.0,0.0,0.0,0.0,0.0,4.0,4.0,4.0,4.0,4.0,0.0,lev20,196.0,Sao_Paulo,-23.5615,-46.734983,786.000000<br>
2011-05-15 12:00:00,Sao_Paulo,135.0,-999.0,0.08553,0.110498,-999.0,-999.0,0.165329,-999.0,-999.0,-999.0,-999.0,-999.0,-999.0,-999.0,-999.0,0.274594,-999.0,-999.0,0.318824,-999.0,-999.0,0.393822,0.420128,2.353415,-999.0,-999.0,-999.0,-999.0,-999.0,-999.0,-999.0,1.595249,1.313682,1.581764,1.660694,1.142695,-999.0,0.0,7.0,7.0,0.0,0.0,7.0,0.0,0.0,0.0,0.0,0.0,0.0,0.0,0.0,7.0,0.0,0.0,7.0,0.0,0.0,7.0,6.0,7.0,0.0,0.0,0.0,0.0,0.0,0.0,0.0,7.0,7.0,7.0,7.0,7.0,0.0,lev20,196.0,Sao_Paulo,-23.5615,-46.734983,786.000000<br>
2011-05-16 12:00:00,Sao_Paulo,136.0,-999.0,0.022966,0.026192,-999.0,-999.0,0.02939,-999.0,-999.0,-999.0,-999.0,-999.0,-999.0,-999.0,-999.0,0.045032,-999.0,-999.0,0.041694,-999.0,-999.0,0.061053,0.052535,1.655069,-999.0,-999.0,-999.0,-999.0,-999.0,-999.0,-999.0,0.822827,1.118338,0.930232,1.008447,0.930673,-999.0,0.0,6.0,6.0,0.0,0.0,6.0,0.0,0.0,0.0,0.0,0.0,0.0,0.0,0.0,6.0,0.0,0.0,6.0,0.0,0.0,6.0,6.0,6.0,0.0,0.0,0.0,0.0,0.0,0.0,0.0,6.0,6.0,6.0,6.0,6.0,0.0,lev20,196.0,Sao_Paulo,-23.5615,-46.734983,786.000000<br>
2011-05-17 12:00:00,Sao_Paulo,137.0,-999.0,0.038143,0.04879,-999.0,-999.0,0.065074,-999.0,-999.0,-999.0,-999.0,-999.0,-999.0,-999.0,-999.0,0.104281,-999.0,-999.0,0.10895,-999.0,-999.0,0.143539,0.140743,1.535011,-999.0,-999.0,-999.0,-999.0,-999.0,-999.0,-999.0,1.257568,1.171745,1.276384,1.384672,1.018114,-999.0,0.0,1.0,1.0,0.0,0.0,1.0,0.0,0.0,0.0,0.0,0.0,0.0,0.0,0.0,1.0,0.0,0.0,1.0,0.0,0.0,1.0,1.0,1.0,0.0,0.0,0.0,0.0,0.0,0.0,0.0,1.0,1.0,1.0,1.0,1.0,0.0,lev20,196.0,Sao_Paulo,-23.5615,-46.734983,786.000000<br>
2011-05-18 12:00:00,Sao_Paulo,138.0,-999.0,0.094413,0.117744,-999.0,-999.0,0.172679,-999.0,-999.0,-999.0,-999.0,-999.0,-999.0,-999.0,-999.0,0.283723,-999.0,-999.0,0.339564,-999.0,-999.0,0.418789,0.44901,1.433383,-999.0,-999.0,-999.0,-999.0,-999.0,-999.0,-999.0,1.578133,1.405625,1.602972,1.598702,1.080649,-999.0,0.0,3.0,3.0,0.0,0.0,3.0,0.0,0.0,0.0,0.0,0.0,0.0,0.0,0.0,3.0,0.0,0.0,3.0,0.0,0.0,3.0,3.0,3.0,0.0,0.0,0.0,0.0,0.0,0.0,0.0,3.0,3.0,3.0,3.0,3.0,0.0,lev20,196.0,Sao_Paulo,-23.5615,-46.734983,786.000000<br>
2011-05-19 12:00:00,Sao_Paulo,139.0,-999.0,0.065261,0.08363,-999.0,-999.0,0.120277,-999.0,-999.0,-999.0,-999.0,-999.0,-999.0,-999.0,-999.0,0.199075,-999.0,-999.0,0.230951,-999.0,-999.0,0.298064,0.319698,1.556165,-999.0,-999.0,-999.0,-999.0,-999.0,-999.0,-999.0,1.529998,1.472894,1.563372,1.577071,1.275522,-999.0,0.0,11.0,11.0,0.0,0.0,11.0,0.0,0.0,0.0,0.0,0.0,0.0,0.0,0.0,11.0,0.0,0.0,11.0,0.0,0.0,11.0,11.0,11.0,0.0,0.0,0.0,0.0,0.0,0.0,0.0,11.0,11.0,11.0,11.0,11.0,0.0,lev20,196.0,Sao_Paulo,-23.5615,-46.734983,786.000000<br>
2011-05-20 12:00:00,Sao_Paulo,140.0,-999.0,0.113078,0.14632,-999.0,-999.0,0.21946,-999.0,-999.0,-999.0,-999.0,-999.0,-999.0,-999.0,-999.0,0.360548,-999.0,-999.0,0.422655,-999.0,-999.0,0.512339,0.51358,1.592913,-999.0,-999.0,-999.0,-999.0,-999.0,-999.0,-999.0,1.595356,1.285739,1.585017,1.636109,1.027525,-999.0,0.0,22.0,22.0,0.0,0.0,22.0,0.0,0.0,0.0,0.0,0.0,0.0,0.0,0.0,22.0,0.0,0.0,21.0,0.0,0.0,22.0,17.0,22.0,0.0,0.0,0.0,0.0,0.0,0.0,0.0,22.0,22.0,22.0,22.0,21.0,0.0,lev20,196.0,Sao_Paulo,-23.5615,-46.734983,786.000000<br>
2011-05-21 12:00:00,Sao_Paulo,141.0,-999.0,0.053265,0.0671,-999.0,-999.0,0.094948,-999.0,-999.0,-999.0,-999.0,-999.0,-999.0,-999.0,-999.0,0.156307,-999.0,-999.0,0.179775,-999.0,-999.0,0.231368,0.24618,1.397477,-999.0,-999.0,-999.0,-999.0,-999.0,-999.0,-999.0,1.487715,1.442341,1.536734,1.535401,1.241975,-999.0,0.0,35.0,35.0,0.0,0.0,35.0,0.0,0.0,0.0,0.0,0.0,0.0,0.0,0.0,35.0,0.0,0.0,35.0,0.0,0.0,35.0,34.0,35.0,0.0,0.0,0.0,0.0,0.0,0.0,0.0,35.0,35.0,35.0,35.0,35.0,0.0,lev20,196.0,Sao_Paulo,-23.5615,-46.734983,786.000000<br>
2011-05-22 12:00:00,Sao_Paulo,142.0,-999.0,0.027225,0.0345,-999.0,-999.0,0.047135,-999.0,-999.0,-999.0,-999.0,-999.0,-999.0,-999.0,-999.0,0.078144,-999.0,-999.0,0.085623,-999.0,-999.0,0.115583,0.116523,1.048779,-999.0,-999.0,-999.0,-999.0,-999.0,-999.0,-999.0,1.384583,1.447941,1.446232,1.476216,1.24952,-999.0,0.0,59.0,59.0,0.0,0.0,59.0,0.0,0.0,0.0,0.0,0.0,0.0,0.0,0.0,59.0,0.0,0.0,59.0,0.0,0.0,59.0,59.0,59.0,0.0,0.0,0.0,0.0,0.0,0.0,0.0,59.0,59.0,59.0,59.0,59.0,0.0,lev20,196.0,Sao_Paulo,-23.5615,-46.734983,786.000000<br>
2011-05-23 12:00:00,Sao_Paulo,143.0,-999.0,0.031213,0.036439,-999.0,-999.0,0.043129,-999.0,-999.0,-999.0,-999.0,-999.0,-999.0,-999.0,-999.0,0.066139,-999.0,-999.0,0.070677,-999.0,-999.0,0.09586,0.092154,1.068056,-999.0,-999.0,-999.0,-999.0,-999.0,-999.0,-999.0,0.966845,1.36132,1.134351,1.03732,1.011045,-999.0,0.0,54.0,54.0,0.0,0.0,54.0,0.0,0.0,0.0,0.0,0.0,0.0,0.0,0.0,54.0,0.0,0.0,54.0,0.0,0.0,54.0,53.0,54.0,0.0,0.0,0.0,0.0,0.0,0.0,0.0,54.0,54.0,54.0,54.0,54.0,0.0,lev20,196.0,Sao_Paulo,-23.5615,-46.734983,786.000000<br>
2011-05-24 12:00:00,Sao_Paulo,144.0,-999.0,0.112723,0.143927,-999.0,-999.0,0.21213,-999.0,-999.0,-999.0,-999.0,-999.0,-999.0,-999.0,-999.0,0.351229,-999.0,-999.0,0.419843,-999.0,-999.0,0.521073,0.55948,2.00487,-999.0,-999.0,-999.0,-999.0,-999.0,-999.0,-999.0,1.589645,1.440014,1.622026,1.612805,1.136345,-999.0,0.0,9.0,9.0,0.0,0.0,9.0,0.0,0.0,0.0,0.0,0.0,0.0,0.0,0.0,9.0,0.0,0.0,9.0,0.0,0.0,9.0,9.0,9.0,0.0,0.0,0.0,0.0,0.0,0.0,0.0,9.0,9.0,9.0,9.0,9.0,0.0,lev20,196.0,Sao_Paulo,-23.5615,-46.734983,786.000000<br>
2011-05-25 12:00:00,Sao_Paulo,145.0,-999.0,0.065292,0.078644,-999.0,-999.0,0.105059,-999.0,-999.0,-999.0,-999.0,-999.0,-999.0,-999.0,-999.0,0.164031,-999.0,-999.0,0.188492,-999.0,-999.0,0.240618,0.251766,1.606779,-999.0,-999.0,-999.0,-999.0,-999.0,-999.0,-999.0,1.318679,1.407571,1.401744,1.337833,1.175659,-999.0,0.0,35.0,35.0,0.0,0.0,35.0,0.0,0.0,0.0,0.0,0.0,0.0,0.0,0.0,35.0,0.0,0.0,35.0,0.0,0.0,35.0,34.0,35.0,0.0,0.0,0.0,0.0,0.0,0.0,0.0,35.0,35.0,35.0,35.0,35.0,0.0,lev20,196.0,Sao_Paulo,-23.5615,-46.734983,786.000000<br>
2011-05-29 12:00:00,Sao_Paulo,149.0,-999.0,0.049099,0.052935,-999.0,-999.0,0.055745,-999.0,-999.0,-999.0,-999.0,-999.0,-999.0,-999.0,-999.0,0.070545,-999.0,-999.0,0.069993,-999.0,-999.0,0.089493,0.086489,0.810553,-999.0,-999.0,-999.0,-999.0,-999.0,-999.0,-999.0,0.451056,0.863622,0.553566,0.515868,0.779764,-999.0,0.0,46.0,46.0,0.0,0.0,46.0,0.0,0.0,0.0,0.0,0.0,0.0,0.0,0.0,46.0,0.0,0.0,46.0,0.0,0.0,46.0,43.0,46.0,0.0,0.0,0.0,0.0,0.0,0.0,0.0,46.0,46.0,46.0,46.0,46.0,0.0,lev20,196.0,Sao_Paulo,-23.5615,-46.734983,786.000000<br>
2011-05-30 12:00:00,Sao_Paulo,150.0,-999.0,0.099917,0.121808,-999.0,-999.0,0.165122,-999.0,-999.0,-999.0,-999.0,-999.0,-999.0,-999.0,-999.0,0.244495,-999.0,-999.0,0.278606,-999.0,-999.0,0.328025,0.33527,1.035089,-999.0,-999.0,-999.0,-999.0,-999.0,-999.0,-999.0,1.242102,1.071348,1.252606,1.271542,0.735612,-999.0,0.0,8.0,8.0,0.0,0.0,8.0,0.0,0.0,0.0,0.0,0.0,0.0,0.0,0.0,8.0,0.0,0.0,8.0,0.0,0.0,8.0,8.0,8.0,0.0,0.0,0.0,0.0,0.0,0.0,0.0,8.0,8.0,8.0,8.0,8.0,0.0,lev20,196.0,Sao_Paulo,-23.5615,-46.734983,786.000000<br>
2011-05-31 12:00:00,Sao_Paulo,151.0,-999.0,0.075068,0.0923,-999.0,-999.0,0.126326,-999.0,-999.0,-999.0,-999.0,-999.0,-999.0,-999.0,-999.0,0.19543,-999.0,-999.0,0.224964,-999.0,-999.0,0.276836,0.288243,1.069556,-999.0,-999.0,-999.0,-999.0,-999.0,-999.0,-999.0,1.332298,1.302838,1.387354,1.355434,1.024169,-999.0,0.0,32.0,32.0,0.0,0.0,32.0,0.0,0.0,0.0,0.0,0.0,0.0,0.0,0.0,32.0,0.0,0.0,32.0,0.0,0.0,32.0,32.0,32.0,0.0,0.0,0.0,0.0,0.0,0.0,0.0,32.0,32.0,32.0,32.0,32.0,0.0,lev20,196.0,Sao_Paulo,-23.5615,-46.734983,786.000000<br>
2011-06-01 12:00:00,Sao_Paulo,152.0,-999.0,0.133758,0.165092,-999.0,-999.0,0.22268,-999.0,-999.0,-999.0,-999.0,-999.0,-999.0,-999.0,-999.0,0.321308,-999.0,-999.0,0.366425,-999.0,-999.0,0.42917,0.444971,1.049736,-999.0,-999.0,-999.0,-999.0,-999.0,-999.0,-999.0,1.240758,1.077074,1.237203,1.266652,0.799615,-999.0,0.0,45.0,45.0,0.0,0.0,45.0,0.0,0.0,0.0,0.0,0.0,0.0,0.0,0.0,45.0,0.0,0.0,45.0,0.0,0.0,44.0,39.0,45.0,0.0,0.0,0.0,0.0,0.0,0.0,0.0,45.0,45.0,45.0,45.0,44.0,0.0,lev20,196.0,Sao_Paulo,-23.5615,-46.734983,786.000000<br>
2011-06-02 12:00:00,Sao_Paulo,153.0,-999.0,0.153201,0.193007,-999.0,-999.0,0.275608,-999.0,-999.0,-999.0,-999.0,-999.0,-999.0,-999.0,-999.0,0.424459,-999.0,-999.0,0.494686,-999.0,-999.0,0.586858,0.605359,1.475965,-999.0,-999.0,-999.0,-999.0,-999.0,-999.0,-999.0,1.391311,1.157849,1.375811,1.426213,0.852538,-999.0,0.0,30.0,30.0,0.0,0.0,30.0,0.0,0.0,0.0,0.0,0.0,0.0,0.0,0.0,30.0,0.0,0.0,30.0,0.0,0.0,30.0,28.0,30.0,0.0,0.0,0.0,0.0,0.0,0.0,0.0,30.0,30.0,30.0,30.0,30.0,0.0,lev20,196.0,Sao_Paulo,-23.5615,-46.734983,786.000000<br>
2011-06-04 12:00:00,Sao_Paulo,155.0,-999.0,0.034505,0.045796,-999.0,-999.0,0.066467,-999.0,-999.0,-999.0,-999.0,-999.0,-999.0,-999.0,-999.0,0.103589,-999.0,-999.0,0.116121,-999.0,-999.0,0.157524,0.167528,1.566713,-999.0,-999.0,-999.0,-999.0,-999.0,-999.0,-999.0,1.405104,1.537099,1.388888,1.471815,1.436083,-999.0,0.0,4.0,4.0,0.0,0.0,3.0,0.0,0.0,0.0,0.0,0.0,0.0,0.0,0.0,4.0,0.0,0.0,4.0,0.0,0.0,4.0,4.0,4.0,0.0,0.0,0.0,0.0,0.0,0.0,0.0,4.0,4.0,4.0,4.0,4.0,0.0,lev20,196.0,Sao_Paulo,-23.5615,-46.734983,786.000000<br>
2011-06-05 12:00:00,Sao_Paulo,156.0,-999.0,0.050584,0.062018,-999.0,-999.0,0.086486,-999.0,-999.0,-999.0,-999.0,-999.0,-999.0,-999.0,-999.0,0.142732,-999.0,-999.0,0.168112,-999.0,-999.0,0.217328,0.231363,0.781162,-999.0,-999.0,-999.0,-999.0,-999.0,-999.0,-999.0,1.495604,1.531911,1.580678,1.513487,1.304847,-999.0,0.0,23.0,23.0,0.0,0.0,23.0,0.0,0.0,0.0,0.0,0.0,0.0,0.0,0.0,23.0,0.0,0.0,23.0,0.0,0.0,23.0,22.0,23.0,0.0,0.0,0.0,0.0,0.0,0.0,0.0,23.0,23.0,23.0,23.0,23.0,0.0,lev20,196.0,Sao_Paulo,-23.5615,-46.734983,786.000000<br>
2011-06-06 12:00:00,Sao_Paulo,157.0,-999.0,0.065273,0.07628,-999.0,-999.0,0.096586,-999.0,-999.0,-999.0,-999.0,-999.0,-999.0,-999.0,-999.0,0.147947,-999.0,-999.0,0.168893,-999.0,-999.0,0.21653,0.228056,1.163252,-999.0,-999.0,-999.0,-999.0,-999.0,-999.0,-999.0,1.209387,1.374719,1.334357,1.214828,1.156869,-999.0,0.0,28.0,28.0,0.0,0.0,28.0,0.0,0.0,0.0,0.0,0.0,0.0,0.0,0.0,28.0,0.0,0.0,28.0,0.0,0.0,28.0,28.0,28.0,0.0,0.0,0.0,0.0,0.0,0.0,0.0,28.0,28.0,28.0,28.0,28.0,0.0,lev20,196.0,Sao_Paulo,-23.5615,-46.734983,786.000000<br>
2011-06-08 12:00:00,Sao_Paulo,159.0,-999.0,0.077533,0.085904,-999.0,-999.0,0.094242,-999.0,-999.0,-999.0,-999.0,-999.0,-999.0,-999.0,-999.0,0.113416,-999.0,-999.0,0.115276,-999.0,-999.0,0.134,0.12565,0.893927,-999.0,-999.0,-999.0,-999.0,-999.0,-999.0,-999.0,0.539639,0.709694,0.595711,0.60085,0.509438,-999.0,0.0,58.0,58.0,0.0,0.0,58.0,0.0,0.0,0.0,0.0,0.0,0.0,0.0,0.0,58.0,0.0,0.0,58.0,0.0,0.0,58.0,55.0,58.0,0.0,0.0,0.0,0.0,0.0,0.0,0.0,58.0,58.0,58.0,58.0,58.0,0.0,lev20,196.0,Sao_Paulo,-23.5615,-46.734983,786.000000<br>
2011-06-11 12:00:00,Sao_Paulo,162.0,-999.0,0.249143,0.280533,-999.0,-999.0,0.330614,-999.0,-999.0,-999.0,-999.0,-999.0,-999.0,-999.0,-999.0,0.41772,-999.0,-999.0,0.457163,-999.0,-999.0,0.501556,0.492323,1.072928,-999.0,-999.0,-999.0,-999.0,-999.0,-999.0,-999.0,0.715599,0.758466,0.751797,0.71421,0.573744,-999.0,0.0,29.0,29.0,0.0,0.0,29.0,0.0,0.0,0.0,0.0,0.0,0.0,0.0,0.0,29.0,0.0,0.0,29.0,0.0,0.0,27.0,24.0,29.0,0.0,0.0,0.0,0.0,0.0,0.0,0.0,29.0,29.0,29.0,29.0,27.0,0.0,lev20,196.0,Sao_Paulo,-23.5615,-46.734983,786.000000<br>
2011-06-12 12:00:00,Sao_Paulo,163.0,-999.0,0.282146,0.304452,-999.0,-999.0,0.328548,-999.0,-999.0,-999.0,-999.0,-999.0,-999.0,-999.0,-999.0,0.361552,-999.0,-999.0,0.367417,-999.0,-999.0,0.395511,-999.0,0.848529,-999.0,-999.0,-999.0,-999.0,-999.0,-999.0,-999.0,0.28601,0.296962,0.272192,0.311203,0.456448,-999.0,0.0,46.0,46.0,0.0,0.0,46.0,0.0,0.0,0.0,0.0,0.0,0.0,0.0,0.0,46.0,0.0,0.0,46.0,0.0,0.0,43.0,0.0,46.0,0.0,0.0,0.0,0.0,0.0,0.0,0.0,46.0,46.0,46.0,46.0,43.0,0.0,lev20,196.0,Sao_Paulo,-23.5615,-46.734983,786.000000<br>
2011-06-13 12:00:00,Sao_Paulo,164.0,-999.0,0.163981,0.18393,-999.0,-999.0,0.213818,-999.0,-999.0,-999.0,-999.0,-999.0,-999.0,-999.0,-999.0,0.266663,-999.0,-999.0,0.287416,-999.0,-999.0,0.321247,-999.0,1.0934,-999.0,-999.0,-999.0,-999.0,-999.0,-999.0,-999.0,0.678857,0.698987,0.713464,0.685961,0.805023,-999.0,0.0,58.0,58.0,0.0,0.0,58.0,0.0,0.0,0.0,0.0,0.0,0.0,0.0,0.0,58.0,0.0,0.0,58.0,0.0,0.0,56.0,0.0,58.0,0.0,0.0,0.0,0.0,0.0,0.0,0.0,58.0,58.0,58.0,58.0,56.0,0.0,lev20,196.0,Sao_Paulo,-23.5615,-46.734983,786.000000<br>
2011-06-14 12:00:00,Sao_Paulo,165.0,-999.0,0.198791,0.222071,-999.0,-999.0,0.260192,-999.0,-999.0,-999.0,-999.0,-999.0,-999.0,-999.0,-999.0,0.324172,-999.0,-999.0,0.348041,-999.0,-999.0,0.371639,-999.0,1.200335,-999.0,-999.0,-999.0,-999.0,-999.0,-999.0,-999.0,0.673213,0.488501,0.691845,0.686892,0.435391,-999.0,0.0,10.0,10.0,0.0,0.0,10.0,0.0,0.0,0.0,0.0,0.0,0.0,0.0,0.0,10.0,0.0,0.0,10.0,0.0,0.0,10.0,0.0,10.0,0.0,0.0,0.0,0.0,0.0,0.0,0.0,10.0,10.0,10.0,10.0,10.0,0.0,lev20,196.0,Sao_Paulo,-23.5615,-46.734983,786.000000<br>
2011-06-15 12:00:00,Sao_Paulo,166.0,-999.0,0.22769,0.245855,-999.0,-999.0,0.270225,-999.0,-999.0,-999.0,-999.0,-999.0,-999.0,-999.0,-999.0,0.317664,-999.0,-999.0,0.337069,-999.0,-999.0,0.377675,0.377003,1.009365,-999.0,-999.0,-999.0,-999.0,-999.0,-999.0,-999.0,0.480217,0.614483,0.528718,0.473655,0.473805,-999.0,0.0,43.0,43.0,0.0,0.0,43.0,0.0,0.0,0.0,0.0,0.0,0.0,0.0,0.0,43.0,0.0,0.0,43.0,0.0,0.0,42.0,41.0,43.0,0.0,0.0,0.0,0.0,0.0,0.0,0.0,43.0,43.0,43.0,43.0,43.0,0.0,lev20,196.0,Sao_Paulo,-23.5615,-46.734983,786.000000<br>
2011-06-16 12:00:00,Sao_Paulo,167.0,-999.0,0.098446,0.113045,-999.0,-999.0,0.134044,-999.0,-999.0,-999.0,-999.0,-999.0,-999.0,-999.0,-999.0,0.175435,-999.0,-999.0,0.186104,-999.0,-999.0,0.219287,0.218404,0.834268,-999.0,-999.0,-999.0,-999.0,-999.0,-999.0,-999.0,0.760063,0.812139,0.790882,0.797666,0.632566,-999.0,0.0,6.0,6.0,0.0,0.0,6.0,0.0,0.0,0.0,0.0,0.0,0.0,0.0,0.0,6.0,0.0,0.0,6.0,0.0,0.0,6.0,6.0,6.0,0.0,0.0,0.0,0.0,0.0,0.0,0.0,6.0,6.0,6.0,6.0,6.0,0.0,lev20,196.0,Sao_Paulo,-23.5615,-46.734983,786.000000<br>
2011-06-18 12:00:00,Sao_Paulo,169.0,-999.0,0.108914,0.131856,-999.0,-999.0,0.183977,-999.0,-999.0,-999.0,-999.0,-999.0,-999.0,-999.0,-999.0,0.290229,-999.0,-999.0,0.342157,-999.0,-999.0,0.423062,0.464178,2.118264,-999.0,-999.0,-999.0,-999.0,-999.0,-999.0,-999.0,1.422882,1.362806,1.470173,1.434151,1.182183,-999.0,0.0,16.0,16.0,0.0,0.0,16.0,0.0,0.0,0.0,0.0,0.0,0.0,0.0,0.0,16.0,0.0,0.0,16.0,0.0,0.0,16.0,14.0,16.0,0.0,0.0,0.0,0.0,0.0,0.0,0.0,16.0,16.0,16.0,16.0,16.0,0.0,lev20,196.0,Sao_Paulo,-23.5615,-46.734983,786.000000<br>
2011-06-19 12:00:00,Sao_Paulo,170.0,-999.0,0.062018,0.075779,-999.0,-999.0,0.10238,-999.0,-999.0,-999.0,-999.0,-999.0,-999.0,-999.0,-999.0,0.159531,-999.0,-999.0,0.182411,-999.0,-999.0,0.228497,0.243523,1.519262,-999.0,-999.0,-999.0,-999.0,-999.0,-999.0,-999.0,1.324829,1.304651,1.380381,1.355173,1.143248,-999.0,0.0,28.0,28.0,0.0,0.0,28.0,0.0,0.0,0.0,0.0,0.0,0.0,0.0,0.0,28.0,0.0,0.0,28.0,0.0,0.0,28.0,27.0,28.0,0.0,0.0,0.0,0.0,0.0,0.0,0.0,28.0,28.0,28.0,28.0,28.0,0.0,lev20,196.0,Sao_Paulo,-23.5615,-46.734983,786.000000<br>
2011-06-20 12:00:00,Sao_Paulo,171.0,-999.0,0.060706,0.068593,-999.0,-999.0,0.081599,-999.0,-999.0,-999.0,-999.0,-999.0,-999.0,-999.0,-999.0,0.118829,-999.0,-999.0,0.132421,-999.0,-999.0,0.169299,0.175257,1.587642,-999.0,-999.0,-999.0,-999.0,-999.0,-999.0,-999.0,1.012375,1.275549,1.156167,1.013843,1.079412,-999.0,0.0,38.0,38.0,0.0,0.0,38.0,0.0,0.0,0.0,0.0,0.0,0.0,0.0,0.0,38.0,0.0,0.0,38.0,0.0,0.0,38.0,38.0,38.0,0.0,0.0,0.0,0.0,0.0,0.0,0.0,38.0,38.0,38.0,38.0,38.0,0.0,lev20,196.0,Sao_Paulo,-23.5615,-46.734983,786.000000<br>
2011-11-04 12:00:00,Sao_Paulo,308.0,-999.0,0.126297,0.157026,-999.0,-999.0,0.222335,-999.0,-999.0,-999.0,-999.0,-999.0,-999.0,-999.0,-999.0,0.356555,-999.0,-999.0,0.430031,-999.0,-999.0,0.528375,0.600327,1.520538,-999.0,-999.0,-999.0,-999.0,-999.0,-999.0,-999.0,1.490313,1.428655,1.549109,1.482658,1.275305,-999.0,0.0,31.0,31.0,0.0,0.0,31.0,0.0,0.0,0.0,0.0,0.0,0.0,0.0,0.0,31.0,0.0,0.0,31.0,0.0,0.0,31.0,29.0,31.0,0.0,0.0,0.0,0.0,0.0,0.0,0.0,31.0,31.0,31.0,31.0,31.0,0.0,lev20,195.0,Sao_Paulo,-23.5615,-46.734983,786.000000<br>
2011-11-05 12:00:00,Sao_Paulo,309.0,-999.0,0.08273,0.104044,-999.0,-999.0,0.142625,-999.0,-999.0,-999.0,-999.0,-999.0,-999.0,-999.0,-999.0,0.222376,-999.0,-999.0,0.262494,-999.0,-999.0,0.318131,0.3567,1.335257,-999.0,-999.0,-999.0,-999.0,-999.0,-999.0,-999.0,1.388586,1.304782,1.45198,1.389243,1.179937,-999.0,0.0,36.0,36.0,0.0,0.0,36.0,0.0,0.0,0.0,0.0,0.0,0.0,0.0,0.0,36.0,0.0,0.0,36.0,0.0,0.0,36.0,36.0,36.0,0.0,0.0,0.0,0.0,0.0,0.0,0.0,36.0,36.0,36.0,36.0,36.0,0.0,lev20,195.0,Sao_Paulo,-23.5615,-46.734983,786.000000<br>
2011-11-07 12:00:00,Sao_Paulo,311.0,-999.0,0.058839,0.071259,-999.0,-999.0,0.096298,-999.0,-999.0,-999.0,-999.0,-999.0,-999.0,-999.0,-999.0,0.153514,-999.0,-999.0,0.181302,-999.0,-999.0,0.225968,0.259727,2.045916,-999.0,-999.0,-999.0,-999.0,-999.0,-999.0,-999.0,1.396057,1.405837,1.491756,1.392316,1.37185,-999.0,0.0,26.0,26.0,0.0,0.0,26.0,0.0,0.0,0.0,0.0,0.0,0.0,0.0,0.0,26.0,0.0,0.0,26.0,0.0,0.0,26.0,26.0,26.0,0.0,0.0,0.0,0.0,0.0,0.0,0.0,26.0,26.0,26.0,26.0,26.0,0.0,lev20,195.0,Sao_Paulo,-23.5615,-46.734983,786.000000<br>
2011-11-08 12:00:00,Sao_Paulo,312.0,-999.0,0.103828,0.132182,-999.0,-999.0,0.187623,-999.0,-999.0,-999.0,-999.0,-999.0,-999.0,-999.0,-999.0,0.289597,-999.0,-999.0,0.340907,-999.0,-999.0,0.404635,0.445279,1.184992,-999.0,-999.0,-999.0,-999.0,-999.0,-999.0,-999.0,1.405586,1.216159,1.411798,1.42271,1.024803,-999.0,0.0,63.0,63.0,0.0,0.0,63.0,0.0,0.0,0.0,0.0,0.0,0.0,0.0,0.0,63.0,0.0,0.0,63.0,0.0,0.0,63.0,63.0,63.0,0.0,0.0,0.0,0.0,0.0,0.0,0.0,63.0,63.0,63.0,63.0,63.0,0.0,lev20,195.0,Sao_Paulo,-23.5615,-46.734983,786.000000<br>
2011-11-09 12:00:00,Sao_Paulo,313.0,-999.0,0.110267,0.141793,-999.0,-999.0,0.211322,-999.0,-999.0,-999.0,-999.0,-999.0,-999.0,-999.0,-999.0,0.347819,-999.0,-999.0,0.41895,-999.0,-999.0,0.510954,0.56753,2.163384,-999.0,-999.0,-999.0,-999.0,-999.0,-999.0,-999.0,1.594539,1.417506,1.608336,1.611864,1.269357,-999.0,0.0,54.0,54.0,0.0,0.0,54.0,0.0,0.0,0.0,0.0,0.0,0.0,0.0,0.0,54.0,0.0,0.0,54.0,0.0,0.0,53.0,50.0,54.0,0.0,0.0,0.0,0.0,0.0,0.0,0.0,54.0,54.0,54.0,54.0,53.0,0.0,lev20,195.0,Sao_Paulo,-23.5615,-46.734983,786.000000<br>
2011-11-10 12:00:00,Sao_Paulo,314.0,-999.0,0.143584,0.178947,-999.0,-999.0,0.257069,-999.0,-999.0,-999.0,-999.0,-999.0,-999.0,-999.0,-999.0,0.416176,-999.0,-999.0,0.498947,-999.0,-999.0,0.609381,0.692061,2.444295,-999.0,-999.0,-999.0,-999.0,-999.0,-999.0,-999.0,1.539182,1.400005,1.58332,1.545658,1.272464,-999.0,0.0,21.0,21.0,0.0,0.0,21.0,0.0,0.0,0.0,0.0,0.0,0.0,0.0,0.0,21.0,0.0,0.0,21.0,0.0,0.0,21.0,21.0,21.0,0.0,0.0,0.0,0.0,0.0,0.0,0.0,21.0,21.0,21.0,21.0,21.0,0.0,lev20,195.0,Sao_Paulo,-23.5615,-46.734983,786.000000<br>
2011-11-11 12:00:00,Sao_Paulo,315.0,-999.0,0.301864,0.375122,-999.0,-999.0,0.513332,-999.0,-999.0,-999.0,-999.0,-999.0,-999.0,-999.0,-999.0,0.752697,-999.0,-999.0,0.868364,-999.0,-999.0,1.021549,1.131561,2.937174,-999.0,-999.0,-999.0,-999.0,-999.0,-999.0,-999.0,1.247307,1.109849,1.244281,1.26534,1.013805,-999.0,0.0,3.0,3.0,0.0,0.0,3.0,0.0,0.0,0.0,0.0,0.0,0.0,0.0,0.0,3.0,0.0,0.0,3.0,0.0,0.0,3.0,3.0,3.0,0.0,0.0,0.0,0.0,0.0,0.0,0.0,3.0,3.0,3.0,3.0,3.0,0.0,lev20,195.0,Sao_Paulo,-23.5615,-46.734983,786.000000<br>
2011-11-12 12:00:00,Sao_Paulo,316.0,-999.0,0.175321,0.230075,-999.0,-999.0,0.329401,-999.0,-999.0,-999.0,-999.0,-999.0,-999.0,-999.0,-999.0,0.503005,-999.0,-999.0,0.576593,-999.0,-999.0,0.676268,0.745178,2.900438,-999.0,-999.0,-999.0,-999.0,-999.0,-999.0,-999.0,1.369053,1.075194,1.332277,1.417819,0.982641,-999.0,0.0,1.0,1.0,0.0,0.0,1.0,0.0,0.0,0.0,0.0,0.0,0.0,0.0,0.0,1.0,0.0,0.0,1.0,0.0,0.0,1.0,1.0,1.0,0.0,0.0,0.0,0.0,0.0,0.0,0.0,1.0,1.0,1.0,1.0,1.0,0.0,lev20,195.0,Sao_Paulo,-23.5615,-46.734983,786.000000<br>
2011-11-17 12:00:00,Sao_Paulo,321.0,-999.0,0.047517,0.053362,-999.0,-999.0,0.063985,-999.0,-999.0,-999.0,-999.0,-999.0,-999.0,-999.0,-999.0,0.092952,-999.0,-999.0,0.106089,-999.0,-999.0,0.131346,0.148338,1.664318,-999.0,-999.0,-999.0,-999.0,-999.0,-999.0,-999.0,1.036987,1.258797,1.194118,1.007944,1.277067,-999.0,0.0,7.0,7.0,0.0,0.0,7.0,0.0,0.0,0.0,0.0,0.0,0.0,0.0,0.0,7.0,0.0,0.0,7.0,0.0,0.0,7.0,7.0,7.0,0.0,0.0,0.0,0.0,0.0,0.0,0.0,7.0,7.0,7.0,7.0,7.0,0.0,lev20,195.0,Sao_Paulo,-23.5615,-46.734983,786.000000<br>
2011-11-18 12:00:00,Sao_Paulo,322.0,-999.0,0.040701,0.046531,-999.0,-999.0,0.0578,-999.0,-999.0,-999.0,-999.0,-999.0,-999.0,-999.0,-999.0,0.083806,-999.0,-999.0,0.096368,-999.0,-999.0,0.116524,0.128906,1.317903,-999.0,-999.0,-999.0,-999.0,-999.0,-999.0,-999.0,1.087762,1.197156,1.201235,1.066998,1.112135,-999.0,0.0,22.0,22.0,0.0,0.0,22.0,0.0,0.0,0.0,0.0,0.0,0.0,0.0,0.0,22.0,0.0,0.0,22.0,0.0,0.0,22.0,22.0,22.0,0.0,0.0,0.0,0.0,0.0,0.0,0.0,22.0,22.0,22.0,22.0,22.0,0.0,lev20,195.0,Sao_Paulo,-23.5615,-46.734983,786.000000<br>
2011-11-20 12:00:00,Sao_Paulo,324.0,-999.0,0.042602,0.059644,-999.0,-999.0,0.085187,-999.0,-999.0,-999.0,-999.0,-999.0,-999.0,-999.0,-999.0,0.149044,-999.0,-999.0,0.178776,-999.0,-999.0,0.227189,0.265579,1.714115,-999.0,-999.0,-999.0,-999.0,-999.0,-999.0,-999.0,1.650091,1.522731,1.759253,1.655395,1.498073,-999.0,0.0,23.0,23.0,0.0,0.0,23.0,0.0,0.0,0.0,0.0,0.0,0.0,0.0,0.0,22.0,0.0,0.0,23.0,0.0,0.0,23.0,23.0,23.0,0.0,0.0,0.0,0.0,0.0,0.0,0.0,23.0,23.0,23.0,23.0,23.0,0.0,lev20,195.0,Sao_Paulo,-23.5615,-46.734983,786.000000<br>
2011-11-21 12:00:00,Sao_Paulo,325.0,-999.0,0.06003,0.077715,-999.0,-999.0,0.106885,-999.0,-999.0,-999.0,-999.0,-999.0,-999.0,-999.0,-999.0,0.174108,-999.0,-999.0,0.206055,-999.0,-999.0,0.251784,0.282988,1.920157,-999.0,-999.0,-999.0,-999.0,-999.0,-999.0,-999.0,1.469377,1.354018,1.572994,1.469946,1.233723,-999.0,0.0,16.0,16.0,0.0,0.0,16.0,0.0,0.0,0.0,0.0,0.0,0.0,0.0,0.0,16.0,0.0,0.0,16.0,0.0,0.0,16.0,16.0,16.0,0.0,0.0,0.0,0.0,0.0,0.0,0.0,16.0,16.0,16.0,16.0,16.0,0.0,lev20,195.0,Sao_Paulo,-23.5615,-46.734983,786.000000<br>
2011-11-23 12:00:00,Sao_Paulo,327.0,-999.0,0.036586,0.045436,-999.0,-999.0,0.06052,-999.0,-999.0,-999.0,-999.0,-999.0,-999.0,-999.0,-999.0,0.097134,-999.0,-999.0,0.113233,-999.0,-999.0,0.138599,0.155156,2.111847,-999.0,-999.0,-999.0,-999.0,-999.0,-999.0,-999.0,1.380607,1.297942,1.488342,1.385253,1.198807,-999.0,0.0,10.0,10.0,0.0,0.0,10.0,0.0,0.0,0.0,0.0,0.0,0.0,0.0,0.0,10.0,0.0,0.0,10.0,0.0,0.0,10.0,10.0,10.0,0.0,0.0,0.0,0.0,0.0,0.0,0.0,10.0,10.0,10.0,10.0,10.0,0.0,lev20,195.0,Sao_Paulo,-23.5615,-46.734983,786.000000<br>
2011-11-24 12:00:00,Sao_Paulo,328.0,-999.0,0.038098,0.046903,-999.0,-999.0,0.059602,-999.0,-999.0,-999.0,-999.0,-999.0,-999.0,-999.0,-999.0,0.093406,-999.0,-999.0,0.109923,-999.0,-999.0,0.135797,0.152325,1.534347,-999.0,-999.0,-999.0,-999.0,-999.0,-999.0,-999.0,1.278335,1.356021,1.435267,1.25086,1.214609,-999.0,0.0,59.0,59.0,0.0,0.0,59.0,0.0,0.0,0.0,0.0,0.0,0.0,0.0,0.0,59.0,0.0,0.0,59.0,0.0,0.0,59.0,59.0,59.0,0.0,0.0,0.0,0.0,0.0,0.0,0.0,59.0,59.0,59.0,59.0,59.0,0.0,lev20,195.0,Sao_Paulo,-23.5615,-46.734983,786.000000<br>
2011-11-25 12:00:00,Sao_Paulo,329.0,-999.0,0.089831,0.114594,-999.0,-999.0,0.164485,-999.0,-999.0,-999.0,-999.0,-999.0,-999.0,-999.0,-999.0,0.265106,-999.0,-999.0,0.319385,-999.0,-999.0,0.391634,0.440544,1.612829,-999.0,-999.0,-999.0,-999.0,-999.0,-999.0,-999.0,1.50296,1.404361,1.553791,1.500907,1.195428,-999.0,0.0,56.0,56.0,0.0,0.0,56.0,0.0,0.0,0.0,0.0,0.0,0.0,0.0,0.0,56.0,0.0,0.0,56.0,0.0,0.0,56.0,56.0,56.0,0.0,0.0,0.0,0.0,0.0,0.0,0.0,56.0,56.0,56.0,56.0,56.0,0.0,lev20,195.0,Sao_Paulo,-23.5615,-46.734983,786.000000<br>
2011-11-27 12:00:00,Sao_Paulo,331.0,-999.0,0.102033,0.139348,-999.0,-999.0,0.213776,-999.0,-999.0,-999.0,-999.0,-999.0,-999.0,-999.0,-999.0,0.347056,-999.0,-999.0,0.406847,-999.0,-999.0,0.488342,0.549002,2.778867,-999.0,-999.0,-999.0,-999.0,-999.0,-999.0,-999.0,1.560101,1.202959,1.495678,1.621489,1.102806,-999.0,0.0,8.0,8.0,0.0,0.0,8.0,0.0,0.0,0.0,0.0,0.0,0.0,0.0,0.0,8.0,0.0,0.0,8.0,0.0,0.0,8.0,8.0,8.0,0.0,0.0,0.0,0.0,0.0,0.0,0.0,8.0,8.0,8.0,8.0,8.0,0.0,lev20,195.0,Sao_Paulo,-23.5615,-46.734983,786.000000<br>
2011-11-28 12:00:00,Sao_Paulo,332.0,-999.0,0.082042,0.109343,-999.0,-999.0,0.159769,-999.0,-999.0,-999.0,-999.0,-999.0,-999.0,-999.0,-999.0,0.257633,-999.0,-999.0,0.30017,-999.0,-999.0,0.360275,0.404408,2.853702,-999.0,-999.0,-999.0,-999.0,-999.0,-999.0,-999.0,1.516477,1.229583,1.50977,1.561673,1.15433,-999.0,0.0,8.0,8.0,0.0,0.0,8.0,0.0,0.0,0.0,0.0,0.0,0.0,0.0,0.0,8.0,0.0,0.0,8.0,0.0,0.0,8.0,8.0,8.0,0.0,0.0,0.0,0.0,0.0,0.0,0.0,8.0,8.0,8.0,8.0,8.0,0.0,lev20,195.0,Sao_Paulo,-23.5615,-46.734983,786.000000<br>
2011-11-29 12:00:00,Sao_Paulo,333.0,-999.0,0.083848,0.113505,-999.0,-999.0,0.169506,-999.0,-999.0,-999.0,-999.0,-999.0,-999.0,-999.0,-999.0,0.281904,-999.0,-999.0,0.332191,-999.0,-999.0,0.405591,0.457523,2.708994,-999.0,-999.0,-999.0,-999.0,-999.0,-999.0,-999.0,1.614002,1.305314,1.608985,1.658587,1.183957,-999.0,0.0,5.0,5.0,0.0,0.0,5.0,0.0,0.0,0.0,0.0,0.0,0.0,0.0,0.0,5.0,0.0,0.0,5.0,0.0,0.0,5.0,5.0,5.0,0.0,0.0,0.0,0.0,0.0,0.0,0.0,5.0,5.0,5.0,5.0,5.0,0.0,lev20,195.0,Sao_Paulo,-23.5615,-46.734983,786.000000<br>
2011-11-30 12:00:00,Sao_Paulo,334.0,-999.0,0.040593,0.053321,-999.0,-999.0,0.076738,-999.0,-999.0,-999.0,-999.0,-999.0,-999.0,-999.0,-999.0,0.13421,-999.0,-999.0,0.158707,-999.0,-999.0,0.198562,0.228298,2.787718,-999.0,-999.0,-999.0,-999.0,-999.0,-999.0,-999.0,1.636292,1.40006,1.732438,1.628764,1.377481,-999.0,0.0,14.0,14.0,0.0,0.0,14.0,0.0,0.0,0.0,0.0,0.0,0.0,0.0,0.0,13.0,0.0,0.0,14.0,0.0,0.0,13.0,13.0,14.0,0.0,0.0,0.0,0.0,0.0,0.0,0.0,14.0,14.0,14.0,14.0,13.0,0.0,lev20,195.0,Sao_Paulo,-23.5615,-46.734983,786.000000<br>
2011-12-01 12:00:00,Sao_Paulo,335.0,-999.0,0.043622,0.056414,-999.0,-999.0,0.082842,-999.0,-999.0,-999.0,-999.0,-999.0,-999.0,-999.0,-999.0,0.141973,-999.0,-999.0,0.17011,-999.0,-999.0,0.21638,0.250358,2.855339,-999.0,-999.0,-999.0,-999.0,-999.0,-999.0,-999.0,1.635782,1.524325,1.690318,1.65841,1.45836,-999.0,0.0,12.0,12.0,0.0,0.0,12.0,0.0,0.0,0.0,0.0,0.0,0.0,0.0,0.0,12.0,0.0,0.0,12.0,0.0,0.0,12.0,12.0,12.0,0.0,0.0,0.0,0.0,0.0,0.0,0.0,12.0,12.0,12.0,12.0,12.0,0.0,lev20,195.0,Sao_Paulo,-23.5615,-46.734983,786.000000<br>
2011-12-04 12:00:00,Sao_Paulo,338.0,-999.0,0.083764,0.113371,-999.0,-999.0,0.167587,-999.0,-999.0,-999.0,-999.0,-999.0,-999.0,-999.0,-999.0,0.273955,-999.0,-999.0,0.323235,-999.0,-999.0,0.387448,0.437523,2.371332,-999.0,-999.0,-999.0,-999.0,-999.0,-999.0,-999.0,1.548212,1.253947,1.554337,1.584428,1.161113,-999.0,0.0,5.0,5.0,0.0,0.0,5.0,0.0,0.0,0.0,0.0,0.0,0.0,0.0,0.0,5.0,0.0,0.0,5.0,0.0,0.0,5.0,5.0,5.0,0.0,0.0,0.0,0.0,0.0,0.0,0.0,5.0,5.0,5.0,5.0,5.0,0.0,lev20,195.0,Sao_Paulo,-23.5615,-46.734983,786.000000<br>
2011-12-05 12:00:00,Sao_Paulo,339.0,-999.0,0.201483,0.267771,-999.0,-999.0,0.397177,-999.0,-999.0,-999.0,-999.0,-999.0,-999.0,-999.0,-999.0,0.607641,-999.0,-999.0,0.699108,-999.0,-999.0,0.811793,0.888079,2.908984,-999.0,-999.0,-999.0,-999.0,-999.0,-999.0,-999.0,1.427241,1.058569,1.351774,1.486044,0.917036,-999.0,0.0,3.0,3.0,0.0,0.0,3.0,0.0,0.0,0.0,0.0,0.0,0.0,0.0,0.0,3.0,0.0,0.0,3.0,0.0,0.0,3.0,3.0,3.0,0.0,0.0,0.0,0.0,0.0,0.0,0.0,3.0,3.0,3.0,3.0,3.0,0.0,lev20,195.0,Sao_Paulo,-23.5615,-46.734983,786.000000<br>
2011-12-08 12:00:00,Sao_Paulo,342.0,-999.0,0.045279,0.055939,-999.0,-999.0,0.079431,-999.0,-999.0,-999.0,-999.0,-999.0,-999.0,-999.0,-999.0,0.135272,-999.0,-999.0,0.161124,-999.0,-999.0,0.203814,0.235786,3.218,-999.0,-999.0,-999.0,-999.0,-999.0,-999.0,-999.0,1.582065,1.469117,1.666387,1.598523,1.413146,-999.0,0.0,8.0,8.0,0.0,0.0,8.0,0.0,0.0,0.0,0.0,0.0,0.0,0.0,0.0,8.0,0.0,0.0,8.0,0.0,0.0,8.0,8.0,8.0,0.0,0.0,0.0,0.0,0.0,0.0,0.0,8.0,8.0,8.0,8.0,8.0,0.0,lev20,195.0,Sao_Paulo,-23.5615,-46.734983,786.000000<br>
2011-12-11 12:00:00,Sao_Paulo,345.0,-999.0,0.051231,0.059442,-999.0,-999.0,0.073251,-999.0,-999.0,-999.0,-999.0,-999.0,-999.0,-999.0,-999.0,0.101076,-999.0,-999.0,0.110842,-999.0,-999.0,0.128843,0.140721,1.841589,-999.0,-999.0,-999.0,-999.0,-999.0,-999.0,-999.0,1.179814,1.133979,1.272276,1.205809,1.200744,-999.0,0.0,33.0,33.0,0.0,0.0,33.0,0.0,0.0,0.0,0.0,0.0,0.0,0.0,0.0,33.0,0.0,0.0,33.0,0.0,0.0,33.0,33.0,33.0,0.0,0.0,0.0,0.0,0.0,0.0,0.0,33.0,33.0,33.0,33.0,33.0,0.0,lev20,195.0,Sao_Paulo,-23.5615,-46.734983,786.000000<br>
2011-12-12 12:00:00,Sao_Paulo,346.0,-999.0,0.065739,0.082716,-999.0,-999.0,0.115079,-999.0,-999.0,-999.0,-999.0,-999.0,-999.0,-999.0,-999.0,0.188693,-999.0,-999.0,0.227406,-999.0,-999.0,0.283274,0.322025,1.775822,-999.0,-999.0,-999.0,-999.0,-999.0,-999.0,-999.0,1.502343,1.461472,1.600286,1.49237,1.311374,-999.0,0.0,46.0,46.0,0.0,0.0,46.0,0.0,0.0,0.0,0.0,0.0,0.0,0.0,0.0,46.0,0.0,0.0,46.0,0.0,0.0,46.0,46.0,46.0,0.0,0.0,0.0,0.0,0.0,0.0,0.0,46.0,46.0,46.0,46.0,46.0,0.0,lev20,195.0,Sao_Paulo,-23.5615,-46.734983,786.000000<br>
2011-12-13 12:00:00,Sao_Paulo,347.0,-999.0,0.076592,0.094509,-999.0,-999.0,0.132635,-999.0,-999.0,-999.0,-999.0,-999.0,-999.0,-999.0,-999.0,0.213063,-999.0,-999.0,0.253176,-999.0,-999.0,0.312565,0.348347,2.257201,-999.0,-999.0,-999.0,-999.0,-999.0,-999.0,-999.0,1.489611,1.422014,1.563387,1.492368,1.318483,-999.0,0.0,24.0,24.0,0.0,0.0,24.0,0.0,0.0,0.0,0.0,0.0,0.0,0.0,0.0,24.0,0.0,0.0,24.0,0.0,0.0,24.0,23.0,24.0,0.0,0.0,0.0,0.0,0.0,0.0,0.0,24.0,24.0,24.0,24.0,24.0,0.0,lev20,195.0,Sao_Paulo,-23.5615,-46.734983,786.000000<br>
2011-12-15 12:00:00,Sao_Paulo,349.0,-999.0,0.023351,0.030642,-999.0,-999.0,0.043789,-999.0,-999.0,-999.0,-999.0,-999.0,-999.0,-999.0,-999.0,0.080389,-999.0,-999.0,0.096726,-999.0,-999.0,0.126454,0.148724,2.944974,-999.0,-999.0,-999.0,-999.0,-999.0,-999.0,-999.0,1.742644,1.649849,1.890813,1.756813,1.648375,-999.0,0.0,1.0,1.0,0.0,0.0,1.0,0.0,0.0,0.0,0.0,0.0,0.0,0.0,0.0,1.0,0.0,0.0,1.0,0.0,0.0,1.0,1.0,1.0,0.0,0.0,0.0,0.0,0.0,0.0,0.0,1.0,1.0,1.0,1.0,1.0,0.0,lev20,195.0,Sao_Paulo,-23.5615,-46.734983,786.000000<br>
2011-12-16 12:00:00,Sao_Paulo,350.0,-999.0,0.055283,0.070022,-999.0,-999.0,0.099555,-999.0,-999.0,-999.0,-999.0,-999.0,-999.0,-999.0,-999.0,0.161174,-999.0,-999.0,0.192052,-999.0,-999.0,0.238568,0.272461,1.644826,-999.0,-999.0,-999.0,-999.0,-999.0,-999.0,-999.0,1.502307,1.459157,1.568524,1.506999,1.39134,-999.0,0.0,44.0,44.0,0.0,0.0,44.0,0.0,0.0,0.0,0.0,0.0,0.0,0.0,0.0,44.0,0.0,0.0,44.0,0.0,0.0,43.0,43.0,44.0,0.0,0.0,0.0,0.0,0.0,0.0,0.0,44.0,44.0,44.0,44.0,43.0,0.0,lev20,195.0,Sao_Paulo,-23.5615,-46.734983,786.000000<br>
2011-12-17 12:00:00,Sao_Paulo,351.0,-999.0,0.046599,0.055463,-999.0,-999.0,0.074968,-999.0,-999.0,-999.0,-999.0,-999.0,-999.0,-999.0,-999.0,0.125057,-999.0,-999.0,0.150834,-999.0,-999.0,0.197585,0.235957,1.924183,-999.0,-999.0,-999.0,-999.0,-999.0,-999.0,-999.0,1.501196,1.667247,1.652317,1.477935,1.712054,-999.0,0.0,24.0,24.0,0.0,0.0,24.0,0.0,0.0,0.0,0.0,0.0,0.0,0.0,0.0,24.0,0.0,0.0,24.0,0.0,0.0,24.0,24.0,24.0,0.0,0.0,0.0,0.0,0.0,0.0,0.0,24.0,24.0,24.0,24.0,24.0,0.0,lev20,195.0,Sao_Paulo,-23.5615,-46.734983,786.000000<br>
2011-12-18 12:00:00,Sao_Paulo,352.0,-999.0,0.055133,0.067368,-999.0,-999.0,0.094439,-999.0,-999.0,-999.0,-999.0,-999.0,-999.0,-999.0,-999.0,0.159084,-999.0,-999.0,0.194398,-999.0,-999.0,0.252631,0.298091,2.377553,-999.0,-999.0,-999.0,-999.0,-999.0,-999.0,-999.0,1.58106,1.680354,1.700149,1.560351,1.629583,-999.0,0.0,24.0,24.0,0.0,0.0,24.0,0.0,0.0,0.0,0.0,0.0,0.0,0.0,0.0,24.0,0.0,0.0,24.0,0.0,0.0,24.0,24.0,24.0,0.0,0.0,0.0,0.0,0.0,0.0,0.0,24.0,24.0,24.0,24.0,24.0,0.0,lev20,195.0,Sao_Paulo,-23.5615,-46.734983,786.000000<br>
2011-12-19 12:00:00,Sao_Paulo,353.0,-999.0,0.041656,0.051093,-999.0,-999.0,0.069526,-999.0,-999.0,-999.0,-999.0,-999.0,-999.0,-999.0,-999.0,0.11421,-999.0,-999.0,0.137597,-999.0,-999.0,0.176838,0.205441,1.815809,-999.0,-999.0,-999.0,-999.0,-999.0,-999.0,-999.0,1.477984,1.583796,1.604409,1.458493,1.520444,-999.0,0.0,47.0,47.0,0.0,0.0,47.0,0.0,0.0,0.0,0.0,0.0,0.0,0.0,0.0,47.0,0.0,0.0,47.0,0.0,0.0,47.0,47.0,47.0,0.0,0.0,0.0,0.0,0.0,0.0,0.0,47.0,47.0,47.0,47.0,47.0,0.0,lev20,195.0,Sao_Paulo,-23.5615,-46.734983,786.000000<br>
2011-12-20 12:00:00,Sao_Paulo,354.0,-999.0,0.06421,0.078527,-999.0,-999.0,0.109039,-999.0,-999.0,-999.0,-999.0,-999.0,-999.0,-999.0,-999.0,0.182142,-999.0,-999.0,0.22193,-999.0,-999.0,0.285878,0.335779,2.207814,-999.0,-999.0,-999.0,-999.0,-999.0,-999.0,-999.0,1.545325,1.637392,1.671672,1.522326,1.588314,-999.0,0.0,26.0,26.0,0.0,0.0,26.0,0.0,0.0,0.0,0.0,0.0,0.0,0.0,0.0,26.0,0.0,0.0,26.0,0.0,0.0,26.0,26.0,26.0,0.0,0.0,0.0,0.0,0.0,0.0,0.0,26.0,26.0,26.0,26.0,26.0,0.0,lev20,195.0,Sao_Paulo,-23.5615,-46.734983,786.000000<br>
2011-12-21 12:00:00,Sao_Paulo,355.0,-999.0,0.083435,0.100411,-999.0,-999.0,0.139004,-999.0,-999.0,-999.0,-999.0,-999.0,-999.0,-999.0,-999.0,0.226492,-999.0,-999.0,0.277153,-999.0,-999.0,0.351744,0.398513,1.794423,-999.0,-999.0,-999.0,-999.0,-999.0,-999.0,-999.0,1.46783,1.580879,1.589003,1.432626,1.414167,-999.0,0.0,48.0,48.0,0.0,0.0,48.0,0.0,0.0,0.0,0.0,0.0,0.0,0.0,0.0,48.0,0.0,0.0,48.0,0.0,0.0,48.0,47.0,48.0,0.0,0.0,0.0,0.0,0.0,0.0,0.0,48.0,48.0,48.0,48.0,48.0,0.0,lev20,195.0,Sao_Paulo,-23.5615,-46.734983,786.000000<br>
2011-12-22 12:00:00,Sao_Paulo,356.0,-999.0,0.078024,0.094106,-999.0,-999.0,0.13155,-999.0,-999.0,-999.0,-999.0,-999.0,-999.0,-999.0,-999.0,0.218174,-999.0,-999.0,0.266791,-999.0,-999.0,0.341833,0.399141,2.313615,-999.0,-999.0,-999.0,-999.0,-999.0,-999.0,-999.0,1.544843,1.629023,1.656135,1.520248,1.53203,-999.0,0.0,42.0,42.0,0.0,0.0,42.0,0.0,0.0,0.0,0.0,0.0,0.0,0.0,0.0,42.0,0.0,0.0,42.0,0.0,0.0,42.0,42.0,42.0,0.0,0.0,0.0,0.0,0.0,0.0,0.0,42.0,42.0,42.0,42.0,42.0,0.0,lev20,195.0,Sao_Paulo,-23.5615,-46.734983,786.000000<br>
2011-12-23 12:00:00,Sao_Paulo,357.0,-999.0,0.058971,0.071808,-999.0,-999.0,0.101185,-999.0,-999.0,-999.0,-999.0,-999.0,-999.0,-999.0,-999.0,0.171174,-999.0,-999.0,0.208826,-999.0,-999.0,0.269119,0.313592,2.426683,-999.0,-999.0,-999.0,-999.0,-999.0,-999.0,-999.0,1.577125,1.640141,1.69305,1.559267,1.543078,-999.0,0.0,41.0,41.0,0.0,0.0,41.0,0.0,0.0,0.0,0.0,0.0,0.0,0.0,0.0,41.0,0.0,0.0,41.0,0.0,0.0,41.0,41.0,41.0,0.0,0.0,0.0,0.0,0.0,0.0,0.0,41.0,41.0,41.0,41.0,41.0,0.0,lev20,195.0,Sao_Paulo,-23.5615,-46.734983,786.000000<br>
2011-12-24 12:00:00,Sao_Paulo,358.0,-999.0,0.073627,0.096065,-999.0,-999.0,0.14904,-999.0,-999.0,-999.0,-999.0,-999.0,-999.0,-999.0,-999.0,0.255891,-999.0,-999.0,0.311108,-999.0,-999.0,0.390384,0.443376,3.026055,-999.0,-999.0,-999.0,-999.0,-999.0,-999.0,-999.0,1.74872,1.539517,1.746022,1.779295,1.388053,-999.0,0.0,22.0,22.0,0.0,0.0,22.0,0.0,0.0,0.0,0.0,0.0,0.0,0.0,0.0,22.0,0.0,0.0,22.0,0.0,0.0,22.0,21.0,22.0,0.0,0.0,0.0,0.0,0.0,0.0,0.0,22.0,22.0,22.0,22.0,22.0,0.0,lev20,195.0,Sao_Paulo,-23.5615,-46.734983,786.000000<br>
2011-12-25 12:00:00,Sao_Paulo,359.0,-999.0,0.078738,0.108109,-999.0,-999.0,0.164372,-999.0,-999.0,-999.0,-999.0,-999.0,-999.0,-999.0,-999.0,0.272609,-999.0,-999.0,0.317857,-999.0,-999.0,0.382496,0.433413,3.480868,-999.0,-999.0,-999.0,-999.0,-999.0,-999.0,-999.0,1.612379,1.230747,1.573648,1.67702,1.185525,-999.0,0.0,1.0,1.0,0.0,0.0,1.0,0.0,0.0,0.0,0.0,0.0,0.0,0.0,0.0,1.0,0.0,0.0,1.0,0.0,0.0,1.0,1.0,1.0,0.0,0.0,0.0,0.0,0.0,0.0,0.0,1.0,1.0,1.0,1.0,1.0,0.0,lev20,195.0,Sao_Paulo,-23.5615,-46.734983,786.000000<br>
2011-12-27 12:00:00,Sao_Paulo,361.0,-999.0,0.045188,0.056543,-999.0,-999.0,0.079506,-999.0,-999.0,-999.0,-999.0,-999.0,-999.0,-999.0,-999.0,0.127772,-999.0,-999.0,0.148571,-999.0,-999.0,0.181602,0.20291,2.328896,-999.0,-999.0,-999.0,-999.0,-999.0,-999.0,-999.0,1.422764,1.342942,1.501108,1.44219,1.285655,-999.0,0.0,15.0,15.0,0.0,0.0,15.0,0.0,0.0,0.0,0.0,0.0,0.0,0.0,0.0,15.0,0.0,0.0,15.0,0.0,0.0,15.0,15.0,15.0,0.0,0.0,0.0,0.0,0.0,0.0,0.0,15.0,15.0,15.0,15.0,15.0,0.0,lev20,195.0,Sao_Paulo,-23.5615,-46.734983,786.000000<br>
2011-12-30 12:00:00,Sao_Paulo,364.0,-999.0,0.125747,0.165319,-999.0,-999.0,0.246191,-999.0,-999.0,-999.0,-999.0,-999.0,-999.0,-999.0,-999.0,0.39817,-999.0,-999.0,0.470752,-999.0,-999.0,0.567848,0.637705,3.05947,-999.0,-999.0,-999.0,-999.0,-999.0,-999.0,-999.0,1.534065,1.25648,1.512218,1.573323,1.120952,-999.0,0.0,9.0,9.0,0.0,0.0,9.0,0.0,0.0,0.0,0.0,0.0,0.0,0.0,0.0,9.0,0.0,0.0,9.0,0.0,0.0,9.0,9.0,9.0,0.0,0.0,0.0,0.0,0.0,0.0,0.0,9.0,9.0,9.0,9.0,9.0,0.0,lev20,195.0,Sao_Paulo,-23.5615,-46.734983,786.000000<br>
2012-01-02 12:00:00,Sao_Paulo,2.0,-999.0,0.031519,0.040084,-999.0,-999.0,0.049923,-999.0,-999.0,-999.0,-999.0,-999.0,-999.0,-999.0,-999.0,0.080612,-999.0,-999.0,0.089695,-999.0,-999.0,0.110522,0.131233,2.49091,-999.0,-999.0,-999.0,-999.0,-999.0,-999.0,-999.0,1.250288,1.143674,1.413793,1.282088,1.4561,-999.0,0.0,5.0,5.0,0.0,0.0,5.0,0.0,0.0,0.0,0.0,0.0,0.0,0.0,0.0,5.0,0.0,0.0,5.0,0.0,0.0,5.0,5.0,5.0,0.0,0.0,0.0,0.0,0.0,0.0,0.0,5.0,5.0,5.0,5.0,5.0,0.0,lev20,195.0,Sao_Paulo,-23.5615,-46.734983,786.000000<br>
2012-01-03 12:00:00,Sao_Paulo,3.0,-999.0,0.046588,0.052424,-999.0,-999.0,0.063299,-999.0,-999.0,-999.0,-999.0,-999.0,-999.0,-999.0,-999.0,0.091426,-999.0,-999.0,0.104448,-999.0,-999.0,0.12808,0.143732,1.988961,-999.0,-999.0,-999.0,-999.0,-999.0,-999.0,-999.0,1.042791,1.229429,1.186377,1.016214,1.222111,-999.0,0.0,17.0,17.0,0.0,0.0,17.0,0.0,0.0,0.0,0.0,0.0,0.0,0.0,0.0,17.0,0.0,0.0,17.0,0.0,0.0,17.0,17.0,17.0,0.0,0.0,0.0,0.0,0.0,0.0,0.0,17.0,17.0,17.0,17.0,17.0,0.0,lev20,195.0,Sao_Paulo,-23.5615,-46.734983,786.000000<br>
2012-01-04 12:00:00,Sao_Paulo,4.0,-999.0,0.059738,0.071851,-999.0,-999.0,0.096531,-999.0,-999.0,-999.0,-999.0,-999.0,-999.0,-999.0,-999.0,0.153804,-999.0,-999.0,0.185136,-999.0,-999.0,0.233425,0.266375,1.786158,-999.0,-999.0,-999.0,-999.0,-999.0,-999.0,-999.0,1.370114,1.479765,1.491616,1.340972,1.323834,-999.0,0.0,53.0,53.0,0.0,0.0,53.0,0.0,0.0,0.0,0.0,0.0,0.0,0.0,0.0,53.0,0.0,0.0,53.0,0.0,0.0,53.0,53.0,53.0,0.0,0.0,0.0,0.0,0.0,0.0,0.0,53.0,53.0,53.0,53.0,53.0,0.0,lev20,195.0,Sao_Paulo,-23.5615,-46.734983,786.000000<br>
2012-01-05 12:00:00,Sao_Paulo,5.0,-999.0,0.09119,0.112717,-999.0,-999.0,0.159282,-999.0,-999.0,-999.0,-999.0,-999.0,-999.0,-999.0,-999.0,0.262871,-999.0,-999.0,0.32132,-999.0,-999.0,0.405848,0.466278,2.31587,-999.0,-999.0,-999.0,-999.0,-999.0,-999.0,-999.0,1.540876,1.556352,1.632451,1.521004,1.387941,-999.0,0.0,24.0,24.0,0.0,0.0,24.0,0.0,0.0,0.0,0.0,0.0,0.0,0.0,0.0,24.0,0.0,0.0,24.0,0.0,0.0,24.0,24.0,24.0,0.0,0.0,0.0,0.0,0.0,0.0,0.0,24.0,24.0,24.0,24.0,24.0,0.0,lev20,195.0,Sao_Paulo,-23.5615,-46.734983,786.000000<br>
2012-01-07 12:00:00,Sao_Paulo,7.0,-999.0,0.039778,0.051895,-999.0,-999.0,0.076272,-999.0,-999.0,-999.0,-999.0,-999.0,-999.0,-999.0,-999.0,0.135174,-999.0,-999.0,0.164448,-999.0,-999.0,0.212275,0.245892,2.820002,-999.0,-999.0,-999.0,-999.0,-999.0,-999.0,-999.0,1.709759,1.620545,1.800154,1.72075,1.508917,-999.0,0.0,12.0,12.0,0.0,0.0,12.0,0.0,0.0,0.0,0.0,0.0,0.0,0.0,0.0,12.0,0.0,0.0,12.0,0.0,0.0,12.0,12.0,12.0,0.0,0.0,0.0,0.0,0.0,0.0,0.0,12.0,12.0,12.0,12.0,12.0,0.0,lev20,195.0,Sao_Paulo,-23.5615,-46.734983,786.000000<br>
2012-01-08 12:00:00,Sao_Paulo,8.0,-999.0,0.092528,0.129661,-999.0,-999.0,0.202741,-999.0,-999.0,-999.0,-999.0,-999.0,-999.0,-999.0,-999.0,0.334914,-999.0,-999.0,0.391885,-999.0,-999.0,0.470413,0.525946,3.033203,-999.0,-999.0,-999.0,-999.0,-999.0,-999.0,-999.0,1.623008,1.216882,1.548496,1.694613,1.1173,-999.0,0.0,5.0,5.0,0.0,0.0,5.0,0.0,0.0,0.0,0.0,0.0,0.0,0.0,0.0,5.0,0.0,0.0,5.0,0.0,0.0,5.0,5.0,5.0,0.0,0.0,0.0,0.0,0.0,0.0,0.0,5.0,5.0,5.0,5.0,5.0,0.0,lev20,195.0,Sao_Paulo,-23.5615,-46.734983,786.000000<br>
2012-01-09 12:00:00,Sao_Paulo,9.0,-999.0,0.03202,0.040053,-999.0,-999.0,0.05332,-999.0,-999.0,-999.0,-999.0,-999.0,-999.0,-999.0,-999.0,0.08809,-999.0,-999.0,0.099095,-999.0,-999.0,0.122615,0.141489,2.91425,-999.0,-999.0,-999.0,-999.0,-999.0,-999.0,-999.0,1.375095,1.15894,1.470191,1.434693,1.301966,-999.0,0.0,5.0,5.0,0.0,0.0,5.0,0.0,0.0,0.0,0.0,0.0,0.0,0.0,0.0,5.0,0.0,0.0,5.0,0.0,0.0,5.0,5.0,5.0,0.0,0.0,0.0,0.0,0.0,0.0,0.0,5.0,5.0,5.0,5.0,5.0,0.0,lev20,195.0,Sao_Paulo,-23.5615,-46.734983,786.000000<br>
2012-01-12 12:00:00,Sao_Paulo,12.0,-999.0,0.028689,0.036606,-999.0,-999.0,0.045877,-999.0,-999.0,-999.0,-999.0,-999.0,-999.0,-999.0,-999.0,0.077205,-999.0,-999.0,0.089038,-999.0,-999.0,0.109803,0.124488,2.833035,-999.0,-999.0,-999.0,-999.0,-999.0,-999.0,-999.0,1.368827,1.281731,1.598519,1.364068,1.299897,-999.0,0.0,5.0,5.0,0.0,0.0,5.0,0.0,0.0,0.0,0.0,0.0,0.0,0.0,0.0,5.0,0.0,0.0,5.0,0.0,0.0,5.0,5.0,5.0,0.0,0.0,0.0,0.0,0.0,0.0,0.0,5.0,5.0,5.0,5.0,5.0,0.0,lev20,195.0,Sao_Paulo,-23.5615,-46.734983,786.000000<br>
2012-01-18 12:00:00,Sao_Paulo,18.0,-999.0,-999.0,0.149041,-999.0,-999.0,-999.0,-999.0,-999.0,-999.0,-999.0,-999.0,-999.0,-999.0,-999.0,-999.0,-999.0,-999.0,0.650974,-999.0,-999.0,0.912236,1.651315,2.847773,-999.0,-999.0,-999.0,-999.0,-999.0,-999.0,-999.0,2.170897,2.281561,-999.0,-999.0,3.48838,-999.0,0.0,0.0,1.0,0.0,0.0,0.0,0.0,0.0,0.0,0.0,0.0,0.0,0.0,0.0,0.0,0.0,0.0,1.0,0.0,0.0,1.0,1.0,1.0,0.0,0.0,0.0,0.0,0.0,0.0,0.0,1.0,1.0,0.0,0.0,1.0,0.0,lev20,195.0,Sao_Paulo,-23.5615,-46.734983,786.000000<br>
2012-01-24 12:00:00,Sao_Paulo,24.0,-999.0,0.03632,0.043602,-999.0,-999.0,0.0597,-999.0,-999.0,-999.0,-999.0,-999.0,-999.0,-999.0,-999.0,0.097949,-999.0,-999.0,0.115603,-999.0,-999.0,0.145337,0.160797,3.202209,-999.0,-999.0,-999.0,-999.0,-999.0,-999.0,-999.0,1.467367,1.436705,1.569305,1.473811,1.277491,-999.0,0.0,22.0,22.0,0.0,0.0,22.0,0.0,0.0,0.0,0.0,0.0,0.0,0.0,0.0,22.0,0.0,0.0,22.0,0.0,0.0,22.0,22.0,22.0,0.0,0.0,0.0,0.0,0.0,0.0,0.0,22.0,22.0,22.0,22.0,22.0,0.0,lev20,195.0,Sao_Paulo,-23.5615,-46.734983,786.000000<br>
2012-01-25 12:00:00,Sao_Paulo,25.0,-999.0,0.038716,0.047295,-999.0,-999.0,0.063622,-999.0,-999.0,-999.0,-999.0,-999.0,-999.0,-999.0,-999.0,0.110799,-999.0,-999.0,0.130173,-999.0,-999.0,0.163555,0.188843,3.558733,-999.0,-999.0,-999.0,-999.0,-999.0,-999.0,-999.0,1.481022,1.36141,1.646159,1.488944,1.322455,-999.0,0.0,4.0,4.0,0.0,0.0,4.0,0.0,0.0,0.0,0.0,0.0,0.0,0.0,0.0,4.0,0.0,0.0,4.0,0.0,0.0,4.0,4.0,4.0,0.0,0.0,0.0,0.0,0.0,0.0,0.0,4.0,4.0,4.0,4.0,4.0,0.0,lev20,195.0,Sao_Paulo,-23.5615,-46.734983,786.000000<br>
2012-01-28 12:00:00,Sao_Paulo,28.0,-999.0,0.019603,0.022494,-999.0,-999.0,0.026077,-999.0,-999.0,-999.0,-999.0,-999.0,-999.0,-999.0,-999.0,0.040279,-999.0,-999.0,0.044262,-999.0,-999.0,0.055862,0.062034,2.045974,-999.0,-999.0,-999.0,-999.0,-999.0,-999.0,-999.0,1.054034,1.192074,1.270082,1.06195,1.29367,-999.0,0.0,11.0,11.0,0.0,0.0,11.0,0.0,0.0,0.0,0.0,0.0,0.0,0.0,0.0,11.0,0.0,0.0,11.0,0.0,0.0,11.0,11.0,11.0,0.0,0.0,0.0,0.0,0.0,0.0,0.0,11.0,11.0,11.0,11.0,11.0,0.0,lev20,195.0,Sao_Paulo,-23.5615,-46.734983,786.000000<br>
2012-01-29 12:00:00,Sao_Paulo,29.0,-999.0,0.032749,0.038981,-999.0,-999.0,0.046473,-999.0,-999.0,-999.0,-999.0,-999.0,-999.0,-999.0,-999.0,0.072803,-999.0,-999.0,0.08257,-999.0,-999.0,0.100829,0.115904,2.048275,-999.0,-999.0,-999.0,-999.0,-999.0,-999.0,-999.0,1.116062,1.133561,1.323981,1.106726,1.264465,-999.0,0.0,10.0,10.0,0.0,0.0,10.0,0.0,0.0,0.0,0.0,0.0,0.0,0.0,0.0,10.0,0.0,0.0,10.0,0.0,0.0,10.0,10.0,10.0,0.0,0.0,0.0,0.0,0.0,0.0,0.0,10.0,10.0,10.0,10.0,10.0,0.0,lev20,195.0,Sao_Paulo,-23.5615,-46.734983,786.000000<br>
2012-01-30 12:00:00,Sao_Paulo,30.0,-999.0,0.040965,0.051284,-999.0,-999.0,0.068059,-999.0,-999.0,-999.0,-999.0,-999.0,-999.0,-999.0,-999.0,0.109689,-999.0,-999.0,0.129674,-999.0,-999.0,0.159109,0.179122,1.500767,-999.0,-999.0,-999.0,-999.0,-999.0,-999.0,-999.0,1.33249,1.3678,1.485038,1.313727,1.278975,-999.0,0.0,41.0,41.0,0.0,0.0,41.0,0.0,0.0,0.0,0.0,0.0,0.0,0.0,0.0,41.0,0.0,0.0,41.0,0.0,0.0,41.0,41.0,41.0,0.0,0.0,0.0,0.0,0.0,0.0,0.0,41.0,41.0,41.0,41.0,41.0,0.0,lev20,195.0,Sao_Paulo,-23.5615,-46.734983,786.000000<br>
2012-01-31 12:00:00,Sao_Paulo,31.0,-999.0,0.055333,0.07306,-999.0,-999.0,0.10429,-999.0,-999.0,-999.0,-999.0,-999.0,-999.0,-999.0,-999.0,0.172247,-999.0,-999.0,0.205864,-999.0,-999.0,0.250002,0.274497,1.989089,-999.0,-999.0,-999.0,-999.0,-999.0,-999.0,-999.0,1.553745,1.36454,1.623296,1.56189,1.120778,-999.0,0.0,14.0,14.0,0.0,0.0,14.0,0.0,0.0,0.0,0.0,0.0,0.0,0.0,0.0,14.0,0.0,0.0,14.0,0.0,0.0,14.0,14.0,14.0,0.0,0.0,0.0,0.0,0.0,0.0,0.0,14.0,14.0,14.0,14.0,14.0,0.0,lev20,195.0,Sao_Paulo,-23.5615,-46.734983,786.000000<br>
2012-02-01 12:00:00,Sao_Paulo,32.0,-999.0,0.053824,0.069593,-999.0,-999.0,0.101959,-999.0,-999.0,-999.0,-999.0,-999.0,-999.0,-999.0,-999.0,0.167861,-999.0,-999.0,0.200282,-999.0,-999.0,0.24443,0.24912,2.633047,-999.0,-999.0,-999.0,-999.0,-999.0,-999.0,-999.0,1.570365,1.381776,1.618412,1.586563,1.173079,-999.0,0.0,33.0,33.0,0.0,0.0,33.0,0.0,0.0,0.0,0.0,0.0,0.0,0.0,0.0,33.0,0.0,0.0,33.0,0.0,0.0,33.0,31.0,33.0,0.0,0.0,0.0,0.0,0.0,0.0,0.0,33.0,33.0,33.0,33.0,33.0,0.0,lev20,195.0,Sao_Paulo,-23.5615,-46.734983,786.000000<br>
2012-02-02 12:00:00,Sao_Paulo,33.0,-999.0,0.026357,0.030921,-999.0,-999.0,0.038319,-999.0,-999.0,-999.0,-999.0,-999.0,-999.0,-999.0,-999.0,0.061415,-999.0,-999.0,0.070252,-999.0,-999.0,0.087964,0.095988,2.782423,-999.0,-999.0,-999.0,-999.0,-999.0,-999.0,-999.0,1.250689,1.283372,1.432056,1.251862,1.147825,-999.0,0.0,40.0,40.0,0.0,0.0,40.0,0.0,0.0,0.0,0.0,0.0,0.0,0.0,0.0,40.0,0.0,0.0,40.0,0.0,0.0,40.0,40.0,40.0,0.0,0.0,0.0,0.0,0.0,0.0,0.0,40.0,40.0,40.0,40.0,40.0,0.0,lev20,195.0,Sao_Paulo,-23.5615,-46.734983,786.000000<br>
2012-02-03 12:00:00,Sao_Paulo,34.0,-999.0,0.068936,0.084799,-999.0,-999.0,0.11945,-999.0,-999.0,-999.0,-999.0,-999.0,-999.0,-999.0,-999.0,0.197586,-999.0,-999.0,0.239859,-999.0,-999.0,0.301865,0.308068,2.471839,-999.0,-999.0,-999.0,-999.0,-999.0,-999.0,-999.0,1.485811,1.498405,1.589606,1.469815,1.334376,-999.0,0.0,44.0,44.0,0.0,0.0,44.0,0.0,0.0,0.0,0.0,0.0,0.0,0.0,0.0,44.0,0.0,0.0,44.0,0.0,0.0,44.0,41.0,44.0,0.0,0.0,0.0,0.0,0.0,0.0,0.0,44.0,44.0,44.0,44.0,44.0,0.0,lev20,195.0,Sao_Paulo,-23.5615,-46.734983,786.000000<br>
2012-02-04 12:00:00,Sao_Paulo,35.0,-999.0,0.06187,0.076444,-999.0,-999.0,0.109267,-999.0,-999.0,-999.0,-999.0,-999.0,-999.0,-999.0,-999.0,0.182645,-999.0,-999.0,0.223391,-999.0,-999.0,0.28554,0.324317,2.174391,-999.0,-999.0,-999.0,-999.0,-999.0,-999.0,-999.0,1.549838,1.588447,1.643876,1.535266,1.449501,-999.0,0.0,57.0,57.0,0.0,0.0,57.0,0.0,0.0,0.0,0.0,0.0,0.0,0.0,0.0,57.0,0.0,0.0,57.0,0.0,0.0,57.0,55.0,57.0,0.0,0.0,0.0,0.0,0.0,0.0,0.0,57.0,57.0,57.0,57.0,57.0,0.0,lev20,195.0,Sao_Paulo,-23.5615,-46.734983,786.000000<br>
2012-02-05 12:00:00,Sao_Paulo,36.0,-999.0,0.042768,0.053358,-999.0,-999.0,0.07442,-999.0,-999.0,-999.0,-999.0,-999.0,-999.0,-999.0,-999.0,0.120793,-999.0,-999.0,0.144591,-999.0,-999.0,0.185249,0.213934,1.764697,-999.0,-999.0,-999.0,-999.0,-999.0,-999.0,-999.0,1.403237,1.52974,1.49387,1.396825,1.463413,-999.0,0.0,51.0,51.0,0.0,0.0,51.0,0.0,0.0,0.0,0.0,0.0,0.0,0.0,0.0,51.0,0.0,0.0,51.0,0.0,0.0,51.0,51.0,51.0,0.0,0.0,0.0,0.0,0.0,0.0,0.0,51.0,51.0,51.0,51.0,51.0,0.0,lev20,195.0,Sao_Paulo,-23.5615,-46.734983,786.000000<br>
2012-02-06 12:00:00,Sao_Paulo,37.0,-999.0,0.087201,0.103616,-999.0,-999.0,0.141273,-999.0,-999.0,-999.0,-999.0,-999.0,-999.0,-999.0,-999.0,0.22253,-999.0,-999.0,0.266962,-999.0,-999.0,0.332668,0.375126,2.077958,-999.0,-999.0,-999.0,-999.0,-999.0,-999.0,-999.0,1.406237,1.478038,1.501386,1.38674,1.342977,-999.0,0.0,32.0,32.0,0.0,0.0,32.0,0.0,0.0,0.0,0.0,0.0,0.0,0.0,0.0,32.0,0.0,0.0,32.0,0.0,0.0,32.0,30.0,32.0,0.0,0.0,0.0,0.0,0.0,0.0,0.0,32.0,32.0,32.0,32.0,32.0,0.0,lev20,195.0,Sao_Paulo,-23.5615,-46.734983,786.000000<br>
2012-02-07 12:00:00,Sao_Paulo,38.0,-999.0,0.060544,0.073245,-999.0,-999.0,0.101994,-999.0,-999.0,-999.0,-999.0,-999.0,-999.0,-999.0,-999.0,0.168263,-999.0,-999.0,0.207208,-999.0,-999.0,0.262108,0.293339,1.999524,-999.0,-999.0,-999.0,-999.0,-999.0,-999.0,-999.0,1.532512,1.595712,1.645648,1.500692,1.327251,-999.0,0.0,41.0,41.0,0.0,0.0,41.0,0.0,0.0,0.0,0.0,0.0,0.0,0.0,0.0,41.0,0.0,0.0,41.0,0.0,0.0,41.0,41.0,41.0,0.0,0.0,0.0,0.0,0.0,0.0,0.0,41.0,41.0,41.0,41.0,41.0,0.0,lev20,195.0,Sao_Paulo,-23.5615,-46.734983,786.000000<br>
2012-02-08 12:00:00,Sao_Paulo,39.0,-999.0,0.069003,0.085237,-999.0,-999.0,0.124872,-999.0,-999.0,-999.0,-999.0,-999.0,-999.0,-999.0,-999.0,0.211091,-999.0,-999.0,0.260029,-999.0,-999.0,0.328863,0.371602,2.783027,-999.0,-999.0,-999.0,-999.0,-999.0,-999.0,-999.0,1.655882,1.609669,1.726234,1.646353,1.379348,-999.0,0.0,24.0,24.0,0.0,0.0,24.0,0.0,0.0,0.0,0.0,0.0,0.0,0.0,0.0,24.0,0.0,0.0,24.0,0.0,0.0,24.0,24.0,24.0,0.0,0.0,0.0,0.0,0.0,0.0,0.0,24.0,24.0,24.0,24.0,24.0,0.0,lev20,195.0,Sao_Paulo,-23.5615,-46.734983,786.000000<br>
2012-02-09 12:00:00,Sao_Paulo,40.0,-999.0,0.118727,0.1399,-999.0,-999.0,0.183111,-999.0,-999.0,-999.0,-999.0,-999.0,-999.0,-999.0,-999.0,0.290244,-999.0,-999.0,0.346797,-999.0,-999.0,0.430473,0.495822,3.307552,-999.0,-999.0,-999.0,-999.0,-999.0,-999.0,-999.0,1.360979,1.43249,1.506472,1.329402,1.367582,-999.0,0.0,1.0,1.0,0.0,0.0,1.0,0.0,0.0,0.0,0.0,0.0,0.0,0.0,0.0,1.0,0.0,0.0,1.0,0.0,0.0,1.0,1.0,1.0,0.0,0.0,0.0,0.0,0.0,0.0,0.0,1.0,1.0,1.0,1.0,1.0,0.0,lev20,195.0,Sao_Paulo,-23.5615,-46.734983,786.000000<br>
2012-02-10 12:00:00,Sao_Paulo,41.0,-999.0,0.138735,0.176048,-999.0,-999.0,0.252839,-999.0,-999.0,-999.0,-999.0,-999.0,-999.0,-999.0,-999.0,0.397108,-999.0,-999.0,0.462282,-999.0,-999.0,0.550645,0.60985,3.725416,-999.0,-999.0,-999.0,-999.0,-999.0,-999.0,-999.0,1.516575,1.296266,1.54607,1.541676,1.168418,-999.0,0.0,3.0,3.0,0.0,0.0,3.0,0.0,0.0,0.0,0.0,0.0,0.0,0.0,0.0,3.0,0.0,0.0,3.0,0.0,0.0,3.0,3.0,3.0,0.0,0.0,0.0,0.0,0.0,0.0,0.0,3.0,3.0,3.0,3.0,3.0,0.0,lev20,195.0,Sao_Paulo,-23.5615,-46.734983,786.000000<br>
